date,iso_code,continent,location,total_cases,new_cases,total_deaths,new_deaths,total_cases_per_million,new_cases_per_million,total_deaths_per_million,new_deaths_per_million,stringency_index,population,population_density,gdp_per_capita,cardiovasc_death_rate,diabetes_prevalence,female_smokers,male_smokers,life_expectancy,human_development_index
2020-02-26,ROU,Europe,Romania,1.0,1.0,,,0.052,0.052,,,16.67,19127772.0,85.129,23313.199,370.946,9.74,22.9,37.1,76.05,0.828
2020-02-27,ROU,Europe,Romania,1.0,0.0,,,0.052,0.0,,,16.67,19127772.0,85.129,23313.199,370.946,9.74,22.9,37.1,76.05,0.828
2020-02-28,ROU,Europe,Romania,3.0,2.0,,,0.157,0.105,,,16.67,19127772.0,85.129,23313.199,370.946,9.74,22.9,37.1,76.05,0.828
2020-02-29,ROU,Europe,Romania,3.0,0.0,,,0.157,0.0,,,16.67,19127772.0,85.129,23313.199,370.946,9.74,22.9,37.1,76.05,0.828
2020-01-03,ROU,Europe,Romania,3.0,0.0,,,0.157,0.0,,,16.67,19127772.0,85.129,23313.199,370.946,9.74,22.9,37.1,76.05,0.828
2020-02-03,ROU,Europe,Romania,3.0,0.0,,,0.157,0.0,,,16.67,19127772.0,85.129,23313.199,370.946,9.74,22.9,37.1,76.05,0.828
2020-03-03,ROU,Europe,Romania,3.0,0.0,,,0.157,0.0,,,16.67,19127772.0,85.129,23313.199,370.946,9.74,22.9,37.1,76.05,0.828
2020-04-03,ROU,Europe,Romania,4.0,1.0,,,0.209,0.052,,,16.67,19127772.0,85.129,23313.199,370.946,9.74,22.9,37.1,76.05,0.828
2020-05-03,ROU,Europe,Romania,6.0,2.0,,,0.314,0.105,,,16.67,19127772.0,85.129,23313.199,370.946,9.74,22.9,37.1,76.05,0.828
2020-06-03,ROU,Europe,Romania,9.0,3.0,,,0.471,0.157,,,16.67,19127772.0,85.129,23313.199,370.946,9.74,22.9,37.1,76.05,0.828
2020-07-03,ROU,Europe,Romania,9.0,0.0,,,0.471,0.0,,,16.67,19127772.0,85.129,23313.199,370.946,9.74,22.9,37.1,76.05,0.828
2020-08-03,ROU,Europe,Romania,15.0,6.0,,,0.784,0.314,,,30.56,19127772.0,85.129,23313.199,370.946,9.74,22.9,37.1,76.05,0.828
2020-09-03,ROU,Europe,Romania,15.0,0.0,,,0.784,0.0,,,33.33,19127772.0,85.129,23313.199,370.946,9.74,22.9,37.1,76.05,0.828
2020-10-03,ROU,Europe,Romania,25.0,10.0,,,1.307,0.523,,,33.33,19127772.0,85.129,23313.199,370.946,9.74,22.9,37.1,76.05,0.828
2020-11-03,ROU,Europe,Romania,45.0,20.0,,,2.353,1.046,,,44.44,19127772.0,85.129,23313.199,370.946,9.74,22.9,37.1,76.05,0.828
2020-12-03,ROU,Europe,Romania,49.0,4.0,,,2.562,0.209,,,58.33,19127772.0,85.129,23313.199,370.946,9.74,22.9,37.1,76.05,0.828
2020-03-13,ROU,Europe,Romania,89.0,40.0,,,4.653,2.091,,,58.33,19127772.0,85.129,23313.199,370.946,9.74,22.9,37.1,76.05,0.828
2020-03-14,ROU,Europe,Romania,123.0,34.0,,,6.43,1.778,,,58.33,19127772.0,85.129,23313.199,370.946,9.74,22.9,37.1,76.05,0.828
2020-03-15,ROU,Europe,Romania,131.0,8.0,,,6.849,0.418,,,58.33,19127772.0,85.129,23313.199,370.946,9.74,22.9,37.1,76.05,0.828
2020-03-16,ROU,Europe,Romania,158.0,27.0,,,8.26,1.412,,,58.33,19127772.0,85.129,23313.199,370.946,9.74,22.9,37.1,76.05,0.828
2020-03-17,ROU,Europe,Romania,184.0,26.0,,,9.62,1.359,,,58.33,19127772.0,85.129,23313.199,370.946,9.74,22.9,37.1,76.05,0.828
2020-03-18,ROU,Europe,Romania,260.0,76.0,,,13.593,3.973,,,58.33,19127772.0,85.129,23313.199,370.946,9.74,22.9,37.1,76.05,0.828
2020-03-19,ROU,Europe,Romania,277.0,17.0,,,14.482,0.889,,,61.11,19127772.0,85.129,23313.199,370.946,9.74,22.9,37.1,76.05,0.828
2020-03-20,ROU,Europe,Romania,308.0,31.0,,,16.102,1.621,,,61.11,19127772.0,85.129,23313.199,370.946,9.74,22.9,37.1,76.05,0.828
2020-03-21,ROU,Europe,Romania,367.0,59.0,,,19.187,3.085,,,69.44,19127772.0,85.129,23313.199,370.946,9.74,22.9,37.1,76.05,0.828
2020-03-22,ROU,Europe,Romania,433.0,66.0,3.0,3.0,22.637,3.45,0.157,0.157,75.0,19127772.0,85.129,23313.199,370.946,9.74,22.9,37.1,76.05,0.828
2020-03-23,ROU,Europe,Romania,576.0,143.0,7.0,4.0,30.113,7.476,0.366,0.209,75.0,19127772.0,85.129,23313.199,370.946,9.74,22.9,37.1,76.05,0.828
2020-03-24,ROU,Europe,Romania,794.0,218.0,11.0,4.0,41.51,11.397,0.575,0.209,75.0,19127772.0,85.129,23313.199,370.946,9.74,22.9,37.1,76.05,0.828
2020-03-25,ROU,Europe,Romania,906.0,112.0,17.0,6.0,47.366,5.855,0.889,0.314,78.7,19127772.0,85.129,23313.199,370.946,9.74,22.9,37.1,76.05,0.828
2020-03-26,ROU,Europe,Romania,1029.0,123.0,23.0,6.0,53.796,6.43,1.202,0.314,78.7,19127772.0,85.129,23313.199,370.946,9.74,22.9,37.1,76.05,0.828
2020-03-27,ROU,Europe,Romania,1292.0,263.0,26.0,3.0,67.546,13.75,1.359,0.157,78.7,19127772.0,85.129,23313.199,370.946,9.74,22.9,37.1,76.05,0.828
2020-03-28,ROU,Europe,Romania,1452.0,160.0,37.0,11.0,75.911,8.365,1.934,0.575,78.7,19127772.0,85.129,23313.199,370.946,9.74,22.9,37.1,76.05,0.828
2020-03-29,ROU,Europe,Romania,1815.0,363.0,43.0,6.0,94.888,18.978,2.248,0.314,78.7,19127772.0,85.129,23313.199,370.946,9.74,22.9,37.1,76.05,0.828
2020-03-30,ROU,Europe,Romania,2109.0,294.0,65.0,22.0,110.259,15.37,3.398,1.15,81.48,19127772.0,85.129,23313.199,370.946,9.74,22.9,37.1,76.05,0.828
2020-03-31,ROU,Europe,Romania,2245.0,136.0,82.0,17.0,117.369,7.11,4.287,0.889,87.04,19127772.0,85.129,23313.199,370.946,9.74,22.9,37.1,76.05,0.828
2020-01-04,ROU,Europe,Romania,2460.0,215.0,92.0,10.0,128.609,11.24,4.81,0.523,87.04,19127772.0,85.129,23313.199,370.946,9.74,22.9,37.1,76.05,0.828
2020-02-04,ROU,Europe,Romania,2738.0,278.0,115.0,23.0,143.143,14.534,6.012,1.202,87.04,19127772.0,85.129,23313.199,370.946,9.74,22.9,37.1,76.05,0.828
2020-03-04,ROU,Europe,Romania,3183.0,445.0,133.0,18.0,166.407,23.265,6.953,0.941,87.04,19127772.0,85.129,23313.199,370.946,9.74,22.9,37.1,76.05,0.828
2020-04-04,ROU,Europe,Romania,3613.0,430.0,146.0,13.0,188.888,22.48,7.633,0.68,87.04,19127772.0,85.129,23313.199,370.946,9.74,22.9,37.1,76.05,0.828
2020-05-04,ROU,Europe,Romania,3864.0,251.0,151.0,5.0,202.01,13.122,7.894,0.261,87.04,19127772.0,85.129,23313.199,370.946,9.74,22.9,37.1,76.05,0.828
2020-06-04,ROU,Europe,Romania,4057.0,193.0,176.0,25.0,212.1,10.09,9.201,1.307,87.04,19127772.0,85.129,23313.199,370.946,9.74,22.9,37.1,76.05,0.828
2020-07-04,ROU,Europe,Romania,4417.0,360.0,197.0,21.0,230.921,18.821,10.299,1.098,87.04,19127772.0,85.129,23313.199,370.946,9.74,22.9,37.1,76.05,0.828
2020-08-04,ROU,Europe,Romania,4761.0,344.0,220.0,23.0,248.905,17.984,11.502,1.202,87.04,19127772.0,85.129,23313.199,370.946,9.74,22.9,37.1,76.05,0.828
2020-09-04,ROU,Europe,Romania,5202.0,441.0,248.0,28.0,271.961,23.055,12.965,1.464,87.04,19127772.0,85.129,23313.199,370.946,9.74,22.9,37.1,76.05,0.828
2020-10-04,ROU,Europe,Romania,5467.0,265.0,270.0,22.0,285.815,13.854,14.116,1.15,87.04,19127772.0,85.129,23313.199,370.946,9.74,22.9,37.1,76.05,0.828
2020-11-04,ROU,Europe,Romania,5990.0,523.0,291.0,21.0,313.157,27.342,15.213,1.098,87.04,19127772.0,85.129,23313.199,370.946,9.74,22.9,37.1,76.05,0.828
2020-12-04,ROU,Europe,Romania,6300.0,310.0,316.0,25.0,329.364,16.207,16.52,1.307,87.04,19127772.0,85.129,23313.199,370.946,9.74,22.9,37.1,76.05,0.828
2020-04-13,ROU,Europe,Romania,6633.0,333.0,331.0,15.0,346.773,17.409,17.305,0.784,87.04,19127772.0,85.129,23313.199,370.946,9.74,22.9,37.1,76.05,0.828
2020-04-14,ROU,Europe,Romania,6879.0,246.0,351.0,20.0,359.634,12.861,18.35,1.046,87.04,19127772.0,85.129,23313.199,370.946,9.74,22.9,37.1,76.05,0.828
2020-04-15,ROU,Europe,Romania,7216.0,337.0,372.0,21.0,377.253,17.618,19.448,1.098,87.04,19127772.0,85.129,23313.199,370.946,9.74,22.9,37.1,76.05,0.828
2020-04-16,ROU,Europe,Romania,7707.0,491.0,392.0,20.0,402.922,25.669,20.494,1.046,87.04,19127772.0,85.129,23313.199,370.946,9.74,22.9,37.1,76.05,0.828
2020-04-17,ROU,Europe,Romania,8067.0,360.0,411.0,19.0,421.743,18.821,21.487,0.993,87.04,19127772.0,85.129,23313.199,370.946,9.74,22.9,37.1,76.05,0.828
2020-04-18,ROU,Europe,Romania,8418.0,351.0,421.0,10.0,440.093,18.35,22.01,0.523,87.04,19127772.0,85.129,23313.199,370.946,9.74,22.9,37.1,76.05,0.828
2020-04-19,ROU,Europe,Romania,8746.0,328.0,451.0,30.0,457.241,17.148,23.578,1.568,87.04,19127772.0,85.129,23313.199,370.946,9.74,22.9,37.1,76.05,0.828
2020-04-20,ROU,Europe,Romania,8936.0,190.0,478.0,27.0,467.174,9.933,24.99,1.412,87.04,19127772.0,85.129,23313.199,370.946,9.74,22.9,37.1,76.05,0.828
2020-04-21,ROU,Europe,Romania,9242.0,306.0,498.0,20.0,483.172,15.998,26.035,1.046,87.04,19127772.0,85.129,23313.199,370.946,9.74,22.9,37.1,76.05,0.828
2020-04-22,ROU,Europe,Romania,9710.0,468.0,524.0,26.0,507.639,24.467,27.395,1.359,87.04,19127772.0,85.129,23313.199,370.946,9.74,22.9,37.1,76.05,0.828
2020-04-23,ROU,Europe,Romania,10096.0,386.0,545.0,21.0,527.819,20.18,28.493,1.098,87.04,19127772.0,85.129,23313.199,370.946,9.74,22.9,37.1,76.05,0.828
2020-04-24,ROU,Europe,Romania,10417.0,321.0,567.0,22.0,544.601,16.782,29.643,1.15,87.04,19127772.0,85.129,23313.199,370.946,9.74,22.9,37.1,76.05,0.828
2020-04-25,ROU,Europe,Romania,10635.0,218.0,601.0,34.0,555.998,11.397,31.42,1.778,87.04,19127772.0,85.129,23313.199,370.946,9.74,22.9,37.1,76.05,0.828
2020-04-26,ROU,Europe,Romania,11036.0,401.0,619.0,18.0,576.962,20.964,32.361,0.941,87.04,19127772.0,85.129,23313.199,370.946,9.74,22.9,37.1,76.05,0.828
2020-04-27,ROU,Europe,Romania,11339.0,303.0,641.0,22.0,592.803,15.841,33.511,1.15,87.04,19127772.0,85.129,23313.199,370.946,9.74,22.9,37.1,76.05,0.828
2020-04-28,ROU,Europe,Romania,11616.0,277.0,663.0,22.0,607.285,14.482,34.662,1.15,87.04,19127772.0,85.129,23313.199,370.946,9.74,22.9,37.1,76.05,0.828
2020-04-29,ROU,Europe,Romania,11978.0,362.0,693.0,30.0,626.21,18.925,36.23,1.568,87.04,19127772.0,85.129,23313.199,370.946,9.74,22.9,37.1,76.05,0.828
2020-04-30,ROU,Europe,Romania,12240.0,262.0,717.0,24.0,639.907,13.697,37.485,1.255,87.04,19127772.0,85.129,23313.199,370.946,9.74,22.9,37.1,76.05,0.828
2020-01-05,ROU,Europe,Romania,12567.0,327.0,744.0,27.0,657.003,17.096,38.896,1.412,87.04,19127772.0,85.129,23313.199,370.946,9.74,22.9,37.1,76.05,0.828
2020-02-05,ROU,Europe,Romania,12732.0,165.0,771.0,27.0,665.629,8.626,40.308,1.412,87.04,19127772.0,85.129,23313.199,370.946,9.74,22.9,37.1,76.05,0.828
2020-03-05,ROU,Europe,Romania,13163.0,431.0,790.0,19.0,688.162,22.533,41.301,0.993,87.04,19127772.0,85.129,23313.199,370.946,9.74,22.9,37.1,76.05,0.828
2020-04-05,ROU,Europe,Romania,13512.0,349.0,818.0,28.0,706.407,18.246,42.765,1.464,87.04,19127772.0,85.129,23313.199,370.946,9.74,22.9,37.1,76.05,0.828
2020-05-05,ROU,Europe,Romania,13837.0,325.0,841.0,23.0,723.398,16.991,43.967,1.202,87.04,19127772.0,85.129,23313.199,370.946,9.74,22.9,37.1,76.05,0.828
2020-06-05,ROU,Europe,Romania,14107.0,270.0,864.0,23.0,737.514,14.116,45.17,1.202,87.04,19127772.0,85.129,23313.199,370.946,9.74,22.9,37.1,76.05,0.828
2020-07-05,ROU,Europe,Romania,14499.0,392.0,888.0,24.0,758.008,20.494,46.425,1.255,87.04,19127772.0,85.129,23313.199,370.946,9.74,22.9,37.1,76.05,0.828
2020-08-05,ROU,Europe,Romania,14811.0,312.0,923.0,35.0,774.319,16.311,48.254,1.83,87.04,19127772.0,85.129,23313.199,370.946,9.74,22.9,37.1,76.05,0.828
2020-09-05,ROU,Europe,Romania,15131.0,320.0,939.0,16.0,791.049,16.73,49.091,0.836,87.04,19127772.0,85.129,23313.199,370.946,9.74,22.9,37.1,76.05,0.828
2020-10-05,ROU,Europe,Romania,15362.0,231.0,961.0,22.0,803.125,12.077,50.241,1.15,87.04,19127772.0,85.129,23313.199,370.946,9.74,22.9,37.1,76.05,0.828
2020-11-05,ROU,Europe,Romania,15588.0,226.0,982.0,21.0,814.941,11.815,51.339,1.098,78.7,19127772.0,85.129,23313.199,370.946,9.74,22.9,37.1,76.05,0.828
2020-12-05,ROU,Europe,Romania,15778.0,190.0,1002.0,20.0,824.874,9.933,52.385,1.046,78.7,19127772.0,85.129,23313.199,370.946,9.74,22.9,37.1,76.05,0.828
2020-05-13,ROU,Europe,Romania,16002.0,224.0,1036.0,34.0,836.585,11.711,54.162,1.778,78.7,19127772.0,85.129,23313.199,370.946,9.74,22.9,37.1,76.05,0.828
2020-05-14,ROU,Europe,Romania,16247.0,245.0,1053.0,17.0,849.393,12.809,55.051,0.889,78.7,19127772.0,85.129,23313.199,370.946,9.74,22.9,37.1,76.05,0.828
2020-05-15,ROU,Europe,Romania,16437.0,190.0,1070.0,17.0,859.326,9.933,55.94,0.889,78.7,19127772.0,85.129,23313.199,370.946,9.74,22.9,37.1,76.05,0.828
2020-05-16,ROU,Europe,Romania,16704.0,267.0,1094.0,24.0,873.285,13.959,57.194,1.255,75.0,19127772.0,85.129,23313.199,370.946,9.74,22.9,37.1,76.05,0.828
2020-05-17,ROU,Europe,Romania,16871.0,167.0,1107.0,13.0,882.016,8.731,57.874,0.68,75.0,19127772.0,85.129,23313.199,370.946,9.74,22.9,37.1,76.05,0.828
2020-05-18,ROU,Europe,Romania,17036.0,165.0,1120.0,13.0,890.642,8.626,58.554,0.68,75.0,19127772.0,85.129,23313.199,370.946,9.74,22.9,37.1,76.05,0.828
2020-05-19,ROU,Europe,Romania,17191.0,155.0,1137.0,17.0,898.746,8.103,59.442,0.889,75.0,19127772.0,85.129,23313.199,370.946,9.74,22.9,37.1,76.05,0.828
2020-05-20,ROU,Europe,Romania,17387.0,196.0,1147.0,10.0,908.992,10.247,59.965,0.523,75.0,19127772.0,85.129,23313.199,370.946,9.74,22.9,37.1,76.05,0.828
2020-05-21,ROU,Europe,Romania,17585.0,198.0,1156.0,9.0,919.344,10.351,60.436,0.471,75.0,19127772.0,85.129,23313.199,370.946,9.74,22.9,37.1,76.05,0.828
2020-05-22,ROU,Europe,Romania,17712.0,127.0,1166.0,10.0,925.983,6.64,60.958,0.523,75.0,19127772.0,85.129,23313.199,370.946,9.74,22.9,37.1,76.05,0.828
2020-05-23,ROU,Europe,Romania,17857.0,145.0,1176.0,10.0,933.564,7.581,61.481,0.523,75.0,19127772.0,85.129,23313.199,370.946,9.74,22.9,37.1,76.05,0.828
2020-05-24,ROU,Europe,Romania,18070.0,213.0,1185.0,9.0,944.7,11.136,61.952,0.471,75.0,19127772.0,85.129,23313.199,370.946,9.74,22.9,37.1,76.05,0.828
2020-05-25,ROU,Europe,Romania,18283.0,213.0,1205.0,20.0,955.835,11.136,62.997,1.046,75.0,19127772.0,85.129,23313.199,370.946,9.74,22.9,37.1,76.05,0.828
2020-05-26,ROU,Europe,Romania,18429.0,146.0,1216.0,11.0,963.468,7.633,63.572,0.575,75.0,19127772.0,85.129,23313.199,370.946,9.74,22.9,37.1,76.05,0.828
2020-05-27,ROU,Europe,Romania,18594.0,165.0,1227.0,11.0,972.094,8.626,64.148,0.575,75.0,19127772.0,85.129,23313.199,370.946,9.74,22.9,37.1,76.05,0.828
2020-05-28,ROU,Europe,Romania,18791.0,197.0,1235.0,8.0,982.394,10.299,64.566,0.418,75.0,19127772.0,85.129,23313.199,370.946,9.74,22.9,37.1,76.05,0.828
2020-05-29,ROU,Europe,Romania,18982.0,191.0,1248.0,13.0,992.379,9.985,65.245,0.68,75.0,19127772.0,85.129,23313.199,370.946,9.74,22.9,37.1,76.05,0.828
2020-05-30,ROU,Europe,Romania,19133.0,151.0,1259.0,11.0,1000.273,7.894,65.821,0.575,75.0,19127772.0,85.129,23313.199,370.946,9.74,22.9,37.1,76.05,0.828
2020-05-31,ROU,Europe,Romania,19257.0,124.0,1266.0,7.0,1006.756,6.483,66.186,0.366,75.0,19127772.0,85.129,23313.199,370.946,9.74,22.9,37.1,76.05,0.828
2020-01-06,ROU,Europe,Romania,19398.0,141.0,1276.0,10.0,1014.128,7.371,66.709,0.523,57.41,19127772.0,85.129,23313.199,370.946,9.74,22.9,37.1,76.05,0.828
2020-02-06,ROU,Europe,Romania,19517.0,119.0,1288.0,12.0,1020.349,6.221,67.337,0.627,53.7,19127772.0,85.129,23313.199,370.946,9.74,22.9,37.1,76.05,0.828
2020-03-06,ROU,Europe,Romania,19669.0,152.0,1296.0,8.0,1028.295,7.947,67.755,0.418,53.7,19127772.0,85.129,23313.199,370.946,9.74,22.9,37.1,76.05,0.828
2020-04-06,ROU,Europe,Romania,19907.0,238.0,1305.0,9.0,1040.738,12.443,68.225,0.471,53.7,19127772.0,85.129,23313.199,370.946,9.74,22.9,37.1,76.05,0.828
2020-05-06,ROU,Europe,Romania,20103.0,196.0,1316.0,11.0,1050.985,10.247,68.8,0.575,53.7,19127772.0,85.129,23313.199,370.946,9.74,22.9,37.1,76.05,0.828
2020-06-06,ROU,Europe,Romania,20290.0,187.0,1322.0,6.0,1060.761,9.776,69.114,0.314,53.7,19127772.0,85.129,23313.199,370.946,9.74,22.9,37.1,76.05,0.828
2020-07-06,ROU,Europe,Romania,20479.0,189.0,1333.0,11.0,1070.642,9.881,69.689,0.575,53.7,19127772.0,85.129,23313.199,370.946,9.74,22.9,37.1,76.05,0.828
2020-08-06,ROU,Europe,Romania,20604.0,125.0,1339.0,6.0,1077.177,6.535,70.003,0.314,53.7,19127772.0,85.129,23313.199,370.946,9.74,22.9,37.1,76.05,0.828
2020-09-06,ROU,Europe,Romania,20749.0,145.0,1354.0,15.0,1084.758,7.581,70.787,0.784,53.7,19127772.0,85.129,23313.199,370.946,9.74,22.9,37.1,76.05,0.828
2020-10-06,ROU,Europe,Romania,20945.0,196.0,1360.0,6.0,1095.005,10.247,71.101,0.314,53.7,19127772.0,85.129,23313.199,370.946,9.74,22.9,37.1,76.05,0.828
2020-11-06,ROU,Europe,Romania,21182.0,237.0,1369.0,9.0,1107.395,12.39,71.571,0.471,53.7,19127772.0,85.129,23313.199,370.946,9.74,22.9,37.1,76.05,0.828
2020-12-06,ROU,Europe,Romania,21404.0,222.0,1380.0,11.0,1119.001,11.606,72.146,0.575,53.7,19127772.0,85.129,23313.199,370.946,9.74,22.9,37.1,76.05,0.828
2020-06-13,ROU,Europe,Romania,21679.0,275.0,1394.0,14.0,1133.378,14.377,72.878,0.732,53.7,19127772.0,85.129,23313.199,370.946,9.74,22.9,37.1,76.05,0.828
2020-06-14,ROU,Europe,Romania,21999.0,320.0,1410.0,16.0,1150.108,16.73,73.715,0.836,53.7,19127772.0,85.129,23313.199,370.946,9.74,22.9,37.1,76.05,0.828
2020-06-15,ROU,Europe,Romania,22165.0,166.0,1427.0,17.0,1158.786,8.678,74.604,0.889,50.93,19127772.0,85.129,23313.199,370.946,9.74,22.9,37.1,76.05,0.828
2020-06-16,ROU,Europe,Romania,22415.0,250.0,1437.0,10.0,1171.856,13.07,75.126,0.523,50.93,19127772.0,85.129,23313.199,370.946,9.74,22.9,37.1,76.05,0.828
2020-06-17,ROU,Europe,Romania,22760.0,345.0,1451.0,14.0,1189.893,18.037,75.858,0.732,41.67,19127772.0,85.129,23313.199,370.946,9.74,22.9,37.1,76.05,0.828
2020-06-18,ROU,Europe,Romania,23080.0,320.0,1473.0,22.0,1206.622,16.73,77.008,1.15,41.67,19127772.0,85.129,23313.199,370.946,9.74,22.9,37.1,76.05,0.828
2020-06-19,ROU,Europe,Romania,23400.0,320.0,1484.0,11.0,1223.352,16.73,77.584,0.575,41.67,19127772.0,85.129,23313.199,370.946,9.74,22.9,37.1,76.05,0.828
2020-06-20,ROU,Europe,Romania,23730.0,330.0,1500.0,16.0,1240.604,17.252,78.42,0.836,41.67,19127772.0,85.129,23313.199,370.946,9.74,22.9,37.1,76.05,0.828
2020-06-21,ROU,Europe,Romania,24045.0,315.0,1512.0,12.0,1257.073,16.468,79.047,0.627,41.67,19127772.0,85.129,23313.199,370.946,9.74,22.9,37.1,76.05,0.828
2020-06-22,ROU,Europe,Romania,24291.0,246.0,1523.0,11.0,1269.934,12.861,79.622,0.575,41.67,19127772.0,85.129,23313.199,370.946,9.74,22.9,37.1,76.05,0.828
2020-06-23,ROU,Europe,Romania,24505.0,214.0,1539.0,16.0,1281.122,11.188,80.459,0.836,41.67,19127772.0,85.129,23313.199,370.946,9.74,22.9,37.1,76.05,0.828
2020-06-24,ROU,Europe,Romania,24826.0,321.0,1555.0,16.0,1297.903,16.782,81.295,0.836,41.67,19127772.0,85.129,23313.199,370.946,9.74,22.9,37.1,76.05,0.828
2020-06-25,ROU,Europe,Romania,25286.0,460.0,1565.0,10.0,1321.952,24.049,81.818,0.523,41.67,19127772.0,85.129,23313.199,370.946,9.74,22.9,37.1,76.05,0.828
2020-06-26,ROU,Europe,Romania,25697.0,411.0,1579.0,14.0,1343.439,21.487,82.55,0.732,41.67,19127772.0,85.129,23313.199,370.946,9.74,22.9,37.1,76.05,0.828
2020-06-27,ROU,Europe,Romania,26022.0,325.0,1589.0,10.0,1360.43,16.991,83.073,0.523,41.67,19127772.0,85.129,23313.199,370.946,9.74,22.9,37.1,76.05,0.828
2020-06-28,ROU,Europe,Romania,26313.0,291.0,1612.0,23.0,1375.644,15.213,84.275,1.202,41.67,19127772.0,85.129,23313.199,370.946,9.74,22.9,37.1,76.05,0.828
2020-06-29,ROU,Europe,Romania,26582.0,269.0,1634.0,22.0,1389.707,14.063,85.426,1.15,41.67,19127772.0,85.129,23313.199,370.946,9.74,22.9,37.1,76.05,0.828
2020-06-30,ROU,Europe,Romania,26970.0,388.0,1651.0,17.0,1409.992,20.285,86.314,0.889,41.67,19127772.0,85.129,23313.199,370.946,9.74,22.9,37.1,76.05,0.828
2020-01-07,ROU,Europe,Romania,27296.0,326.0,1667.0,16.0,1427.035,17.043,87.151,0.836,41.67,19127772.0,85.129,23313.199,370.946,9.74,22.9,37.1,76.05,0.828
2020-02-07,ROU,Europe,Romania,27746.0,450.0,1687.0,20.0,1450.561,23.526,88.196,1.046,41.67,19127772.0,85.129,23313.199,370.946,9.74,22.9,37.1,76.05,0.828
2020-03-07,ROU,Europe,Romania,28166.0,420.0,1708.0,21.0,1472.519,21.958,89.294,1.098,41.67,19127772.0,85.129,23313.199,370.946,9.74,22.9,37.1,76.05,0.828
2020-04-07,ROU,Europe,Romania,28582.0,416.0,1731.0,23.0,1494.267,21.748,90.497,1.202,41.67,19127772.0,85.129,23313.199,370.946,9.74,22.9,37.1,76.05,0.828
2020-05-07,ROU,Europe,Romania,28973.0,391.0,1750.0,19.0,1514.709,20.441,91.49,0.993,41.67,19127772.0,85.129,23313.199,370.946,9.74,22.9,37.1,76.05,0.828
2020-06-07,ROU,Europe,Romania,29223.0,250.0,1768.0,18.0,1527.779,13.07,92.431,0.941,41.67,19127772.0,85.129,23313.199,370.946,9.74,22.9,37.1,76.05,0.828
2020-07-07,ROU,Europe,Romania,29620.0,397.0,1799.0,31.0,1548.534,20.755,94.052,1.621,38.89,19127772.0,85.129,23313.199,370.946,9.74,22.9,37.1,76.05,0.828
2020-08-07,ROU,Europe,Romania,30175.0,555.0,1817.0,18.0,1577.549,29.015,94.993,0.941,42.59,19127772.0,85.129,23313.199,370.946,9.74,22.9,37.1,76.05,0.828
2020-09-07,ROU,Europe,Romania,30789.0,614.0,1834.0,17.0,1609.649,32.1,95.882,0.889,42.59,19127772.0,85.129,23313.199,370.946,9.74,22.9,37.1,76.05,0.828
2020-10-07,ROU,Europe,Romania,31381.0,592.0,1847.0,13.0,1640.599,30.95,96.561,0.68,42.59,19127772.0,85.129,23313.199,370.946,9.74,22.9,37.1,76.05,0.828
2020-11-07,ROU,Europe,Romania,32079.0,698.0,1871.0,24.0,1677.09,36.491,97.816,1.255,42.59,19127772.0,85.129,23313.199,370.946,9.74,22.9,37.1,76.05,0.828
2020-12-07,ROU,Europe,Romania,32535.0,456.0,1884.0,13.0,1700.93,23.84,98.496,0.68,42.59,19127772.0,85.129,23313.199,370.946,9.74,22.9,37.1,76.05,0.828
2020-07-13,ROU,Europe,Romania,32948.0,413.0,1901.0,17.0,1722.522,21.592,99.384,0.889,42.59,19127772.0,85.129,23313.199,370.946,9.74,22.9,37.1,76.05,0.828
2020-07-14,ROU,Europe,Romania,33585.0,637.0,1931.0,30.0,1755.824,33.302,100.953,1.568,42.59,19127772.0,85.129,23313.199,370.946,9.74,22.9,37.1,76.05,0.828
2020-07-15,ROU,Europe,Romania,34226.0,641.0,1952.0,21.0,1789.335,33.511,102.051,1.098,42.59,19127772.0,85.129,23313.199,370.946,9.74,22.9,37.1,76.05,0.828
2020-07-16,ROU,Europe,Romania,35003.0,777.0,1971.0,19.0,1829.957,40.622,103.044,0.993,42.59,19127772.0,85.129,23313.199,370.946,9.74,22.9,37.1,76.05,0.828
2020-07-17,ROU,Europe,Romania,35802.0,799.0,1988.0,17.0,1871.729,41.772,103.933,0.889,42.59,19127772.0,85.129,23313.199,370.946,9.74,22.9,37.1,76.05,0.828
2020-07-18,ROU,Europe,Romania,36691.0,889.0,2009.0,21.0,1918.206,46.477,105.031,1.098,42.59,19127772.0,85.129,23313.199,370.946,9.74,22.9,37.1,76.05,0.828
2020-07-19,ROU,Europe,Romania,37458.0,767.0,2026.0,17.0,1958.304,40.099,105.919,0.889,42.59,19127772.0,85.129,23313.199,370.946,9.74,22.9,37.1,76.05,0.828
2020-07-20,ROU,Europe,Romania,38139.0,681.0,2038.0,12.0,1993.907,35.603,106.547,0.627,42.59,19127772.0,85.129,23313.199,370.946,9.74,22.9,37.1,76.05,0.828
2020-07-21,ROU,Europe,Romania,39133.0,994.0,2074.0,36.0,2045.873,51.966,108.429,1.882,42.59,19127772.0,85.129,23313.199,370.946,9.74,22.9,37.1,76.05,0.828
2020-07-22,ROU,Europe,Romania,40163.0,1030.0,2101.0,27.0,2099.722,53.848,109.84,1.412,42.59,19127772.0,85.129,23313.199,370.946,9.74,22.9,37.1,76.05,0.828
2020-07-23,ROU,Europe,Romania,41275.0,1112.0,2126.0,25.0,2157.857,58.135,111.147,1.307,42.59,19127772.0,85.129,23313.199,370.946,9.74,22.9,37.1,76.05,0.828
2020-07-24,ROU,Europe,Romania,42394.0,1119.0,2150.0,24.0,2216.358,58.501,112.402,1.255,42.59,19127772.0,85.129,23313.199,370.946,9.74,22.9,37.1,76.05,0.828
2020-07-25,ROU,Europe,Romania,43678.0,1284.0,2165.0,15.0,2283.486,67.128,113.186,0.784,42.59,19127772.0,85.129,23313.199,370.946,9.74,22.9,37.1,76.05,0.828
2020-07-26,ROU,Europe,Romania,44798.0,1120.0,2187.0,22.0,2342.04,58.554,114.336,1.15,42.59,19127772.0,85.129,23313.199,370.946,9.74,22.9,37.1,76.05,0.828
2020-07-27,ROU,Europe,Romania,45902.0,1104.0,2206.0,19.0,2399.757,57.717,115.33,0.993,42.59,19127772.0,85.129,23313.199,370.946,9.74,22.9,37.1,76.05,0.828
2020-07-28,ROU,Europe,Romania,47053.0,1151.0,2239.0,33.0,2459.931,60.174,117.055,1.725,42.59,19127772.0,85.129,23313.199,370.946,9.74,22.9,37.1,76.05,0.828
2020-07-29,ROU,Europe,Romania,48235.0,1182.0,2269.0,30.0,2521.726,61.795,118.623,1.568,42.59,19127772.0,85.129,23313.199,370.946,9.74,22.9,37.1,76.05,0.828
2020-07-30,ROU,Europe,Romania,49591.0,1356.0,2304.0,35.0,2592.618,70.892,120.453,1.83,42.59,19127772.0,85.129,23313.199,370.946,9.74,22.9,37.1,76.05,0.828
2020-07-31,ROU,Europe,Romania,50886.0,1295.0,2343.0,39.0,2660.32,67.703,122.492,2.039,42.59,19127772.0,85.129,23313.199,370.946,9.74,22.9,37.1,76.05,0.828
2020-01-08,ROU,Europe,Romania,52111.0,1225.0,2379.0,36.0,2724.363,64.043,124.374,1.882,42.59,19127772.0,85.129,23313.199,370.946,9.74,22.9,37.1,76.05,0.828
2020-02-08,ROU,Europe,Romania,53186.0,1075.0,2413.0,34.0,2780.564,56.201,126.152,1.778,42.59,19127772.0,85.129,23313.199,370.946,9.74,22.9,37.1,76.05,0.828
2020-03-08,ROU,Europe,Romania,54009.0,823.0,2432.0,19.0,2823.591,43.026,127.145,0.993,42.59,19127772.0,85.129,23313.199,370.946,9.74,22.9,37.1,76.05,0.828
2020-04-08,ROU,Europe,Romania,55241.0,1232.0,2480.0,48.0,2888.0,64.409,129.654,2.509,42.59,19127772.0,85.129,23313.199,370.946,9.74,22.9,37.1,76.05,0.828
2020-05-08,ROU,Europe,Romania,56550.0,1309.0,2521.0,41.0,2956.434,68.435,131.798,2.143,42.59,19127772.0,85.129,23313.199,370.946,9.74,22.9,37.1,76.05,0.828
2020-06-08,ROU,Europe,Romania,57895.0,1345.0,2566.0,45.0,3026.751,70.317,134.15,2.353,42.59,19127772.0,85.129,23313.199,370.946,9.74,22.9,37.1,76.05,0.828
2020-07-08,ROU,Europe,Romania,59273.0,1378.0,2616.0,50.0,3098.793,72.042,136.764,2.614,42.59,19127772.0,85.129,23313.199,370.946,9.74,22.9,37.1,76.05,0.828
2020-08-08,ROU,Europe,Romania,60623.0,1350.0,2659.0,43.0,3169.371,70.578,139.013,2.248,42.59,19127772.0,85.129,23313.199,370.946,9.74,22.9,37.1,76.05,0.828
2020-09-08,ROU,Europe,Romania,61768.0,1145.0,2700.0,41.0,3229.231,59.861,141.156,2.143,42.59,19127772.0,85.129,23313.199,370.946,9.74,22.9,37.1,76.05,0.828
2020-10-08,ROU,Europe,Romania,62547.0,779.0,2729.0,29.0,3269.957,40.726,142.672,1.516,42.59,19127772.0,85.129,23313.199,370.946,9.74,22.9,37.1,76.05,0.828
2020-11-08,ROU,Europe,Romania,63762.0,1215.0,2764.0,35.0,3333.478,63.52,144.502,1.83,42.59,19127772.0,85.129,23313.199,370.946,9.74,22.9,37.1,76.05,0.828
2020-12-08,ROU,Europe,Romania,65177.0,1415.0,2807.0,43.0,3407.454,73.976,146.75,2.248,42.59,19127772.0,85.129,23313.199,370.946,9.74,22.9,37.1,76.05,0.828
2020-08-13,ROU,Europe,Romania,66631.0,1454.0,2860.0,53.0,3483.469,76.015,149.521,2.771,42.59,19127772.0,85.129,23313.199,370.946,9.74,22.9,37.1,76.05,0.828
2020-08-14,ROU,Europe,Romania,68046.0,1415.0,2904.0,44.0,3557.445,73.976,151.821,2.3,42.59,19127772.0,85.129,23313.199,370.946,9.74,22.9,37.1,76.05,0.828
2020-08-15,ROU,Europe,Romania,69374.0,1328.0,2954.0,50.0,3626.873,69.428,154.435,2.614,42.59,19127772.0,85.129,23313.199,370.946,9.74,22.9,37.1,76.05,0.828
2020-08-16,ROU,Europe,Romania,70461.0,1087.0,2991.0,37.0,3683.701,56.828,156.369,1.934,42.59,19127772.0,85.129,23313.199,370.946,9.74,22.9,37.1,76.05,0.828
2020-08-17,ROU,Europe,Romania,71194.0,733.0,3029.0,38.0,3722.023,38.321,158.356,1.987,42.59,19127772.0,85.129,23313.199,370.946,9.74,22.9,37.1,76.05,0.828
2020-08-18,ROU,Europe,Romania,72208.0,1014.0,3074.0,45.0,3775.035,53.012,160.709,2.353,42.59,19127772.0,85.129,23313.199,370.946,9.74,22.9,37.1,76.05,0.828
2020-08-19,ROU,Europe,Romania,73617.0,1409.0,3106.0,32.0,3848.697,73.663,162.382,1.673,42.59,19127772.0,85.129,23313.199,370.946,9.74,22.9,37.1,76.05,0.828
2020-08-20,ROU,Europe,Romania,74963.0,1346.0,3154.0,48.0,3919.066,70.369,164.891,2.509,42.59,19127772.0,85.129,23313.199,370.946,9.74,22.9,37.1,76.05,0.828
2020-08-21,ROU,Europe,Romania,76355.0,1392.0,3196.0,42.0,3991.84,72.774,167.087,2.196,42.59,19127772.0,85.129,23313.199,370.946,9.74,22.9,37.1,76.05,0.828
2020-08-22,ROU,Europe,Romania,77544.0,1189.0,3233.0,37.0,4054.001,62.161,169.021,1.934,42.59,19127772.0,85.129,23313.199,370.946,9.74,22.9,37.1,76.05,0.828
2020-08-23,ROU,Europe,Romania,78505.0,961.0,3272.0,39.0,4104.242,50.241,171.06,2.039,42.59,19127772.0,85.129,23313.199,370.946,9.74,22.9,37.1,76.05,0.828
2020-08-24,ROU,Europe,Romania,79330.0,825.0,3309.0,37.0,4147.373,43.131,172.995,1.934,42.59,19127772.0,85.129,23313.199,370.946,9.74,22.9,37.1,76.05,0.828
2020-08-25,ROU,Europe,Romania,80390.0,1060.0,3367.0,58.0,4202.79,55.417,176.027,3.032,42.59,19127772.0,85.129,23313.199,370.946,9.74,22.9,37.1,76.05,0.828
2020-08-26,ROU,Europe,Romania,81646.0,1256.0,3421.0,54.0,4268.453,65.664,178.85,2.823,42.59,19127772.0,85.129,23313.199,370.946,9.74,22.9,37.1,76.05,0.828
2020-08-27,ROU,Europe,Romania,83150.0,1504.0,3459.0,38.0,4347.082,78.629,180.837,1.987,42.59,19127772.0,85.129,23313.199,370.946,9.74,22.9,37.1,76.05,0.828
2020-08-28,ROU,Europe,Romania,84468.0,1318.0,3507.0,48.0,4415.987,68.905,183.346,2.509,42.59,19127772.0,85.129,23313.199,370.946,9.74,22.9,37.1,76.05,0.828
2020-08-29,ROU,Europe,Romania,85833.0,1365.0,3539.0,32.0,4487.35,71.362,185.019,1.673,42.59,19127772.0,85.129,23313.199,370.946,9.74,22.9,37.1,76.05,0.828
2020-08-30,ROU,Europe,Romania,86785.0,952.0,3578.0,39.0,4537.12,49.771,187.058,2.039,42.59,19127772.0,85.129,23313.199,370.946,9.74,22.9,37.1,76.05,0.828
2020-08-31,ROU,Europe,Romania,87540.0,755.0,3621.0,43.0,4576.592,39.471,189.306,2.248,42.59,19127772.0,85.129,23313.199,370.946,9.74,22.9,37.1,76.05,0.828
2020-01-09,ROU,Europe,Romania,88593.0,1053.0,3681.0,60.0,4631.642,55.051,192.443,3.137,42.59,19127772.0,85.129,23313.199,370.946,9.74,22.9,37.1,76.05,0.828
2020-02-09,ROU,Europe,Romania,89891.0,1298.0,3721.0,40.0,4699.502,67.859,194.534,2.091,42.59,19127772.0,85.129,23313.199,370.946,9.74,22.9,37.1,76.05,0.828
2020-03-09,ROU,Europe,Romania,91256.0,1365.0,3765.0,44.0,4770.864,71.362,196.834,2.3,45.37,19127772.0,85.129,23313.199,370.946,9.74,22.9,37.1,76.05,0.828
2020-04-09,ROU,Europe,Romania,92595.0,1339.0,3812.0,47.0,4840.867,70.003,199.291,2.457,45.37,19127772.0,85.129,23313.199,370.946,9.74,22.9,37.1,76.05,0.828
2020-05-09,ROU,Europe,Romania,93864.0,1269.0,3850.0,38.0,4907.21,66.343,201.278,1.987,45.37,19127772.0,85.129,23313.199,370.946,9.74,22.9,37.1,76.05,0.828
2020-06-09,ROU,Europe,Romania,95014.0,1150.0,3893.0,43.0,4967.332,60.122,203.526,2.248,45.37,19127772.0,85.129,23313.199,370.946,9.74,22.9,37.1,76.05,0.828
2020-07-09,ROU,Europe,Romania,95897.0,883.0,3926.0,33.0,5013.496,46.163,205.251,1.725,45.37,19127772.0,85.129,23313.199,370.946,9.74,22.9,37.1,76.05,0.828
2020-08-09,ROU,Europe,Romania,97033.0,1136.0,3967.0,41.0,5072.886,59.39,207.395,2.143,45.37,19127772.0,85.129,23313.199,370.946,9.74,22.9,37.1,76.05,0.828
2020-09-09,ROU,Europe,Romania,98304.0,1271.0,4018.0,51.0,5139.334,66.448,210.061,2.666,45.37,19127772.0,85.129,23313.199,370.946,9.74,22.9,37.1,76.05,0.828
2020-10-09,ROU,Europe,Romania,99684.0,1380.0,4065.0,47.0,5211.48,72.146,212.518,2.457,45.37,19127772.0,85.129,23313.199,370.946,9.74,22.9,37.1,76.05,0.828
2020-11-09,ROU,Europe,Romania,101075.0,1391.0,4100.0,35.0,5284.201,72.721,214.348,1.83,45.37,19127772.0,85.129,23313.199,370.946,9.74,22.9,37.1,76.05,0.828
2020-12-09,ROU,Europe,Romania,102386.0,1311.0,4127.0,27.0,5352.741,68.539,215.76,1.412,45.37,19127772.0,85.129,23313.199,370.946,9.74,22.9,37.1,76.05,0.828
2020-09-13,ROU,Europe,Romania,103495.0,1109.0,4163.0,36.0,5410.719,57.979,217.642,1.882,45.37,19127772.0,85.129,23313.199,370.946,9.74,22.9,37.1,76.05,0.828
2020-09-14,ROU,Europe,Romania,104187.0,692.0,4185.0,22.0,5446.897,36.178,218.792,1.15,43.52,19127772.0,85.129,23313.199,370.946,9.74,22.9,37.1,76.05,0.828
2020-09-15,ROU,Europe,Romania,105298.0,1111.0,4236.0,51.0,5504.98,58.083,221.458,2.666,43.52,19127772.0,85.129,23313.199,370.946,9.74,22.9,37.1,76.05,0.828
2020-09-16,ROU,Europe,Romania,107011.0,1713.0,4285.0,49.0,5594.536,89.556,224.02,2.562,43.52,19127772.0,85.129,23313.199,370.946,9.74,22.9,37.1,76.05,0.828
2020-09-17,ROU,Europe,Romania,108690.0,1679.0,4312.0,27.0,5682.314,87.778,225.431,1.412,43.52,19127772.0,85.129,23313.199,370.946,9.74,22.9,37.1,76.05,0.828
2020-09-18,ROU,Europe,Romania,110217.0,1527.0,4360.0,48.0,5762.145,79.832,227.941,2.509,43.52,19127772.0,85.129,23313.199,370.946,9.74,22.9,37.1,76.05,0.828
2020-09-19,ROU,Europe,Romania,111550.0,1333.0,4402.0,42.0,5831.834,69.689,230.137,2.196,43.52,19127772.0,85.129,23313.199,370.946,9.74,22.9,37.1,76.05,0.828
2020-09-20,ROU,Europe,Romania,112781.0,1231.0,4435.0,33.0,5896.191,64.357,231.862,1.725,43.52,19127772.0,85.129,23313.199,370.946,9.74,22.9,37.1,76.05,0.828
2020-09-21,ROU,Europe,Romania,113589.0,808.0,4458.0,23.0,5938.433,42.242,233.064,1.202,43.52,19127772.0,85.129,23313.199,370.946,9.74,22.9,37.1,76.05,0.828
2020-09-22,ROU,Europe,Romania,114648.0,1059.0,4503.0,45.0,5993.798,55.365,235.417,2.353,43.52,19127772.0,85.129,23313.199,370.946,9.74,22.9,37.1,76.05,0.828
2020-09-23,ROU,Europe,Romania,116415.0,1767.0,4550.0,47.0,6086.177,92.379,237.874,2.457,43.52,19127772.0,85.129,23313.199,370.946,9.74,22.9,37.1,76.05,0.828
2020-09-24,ROU,Europe,Romania,118054.0,1639.0,4591.0,41.0,6171.864,85.687,240.017,2.143,43.52,19127772.0,85.129,23313.199,370.946,9.74,22.9,37.1,76.05,0.828
2020-09-25,ROU,Europe,Romania,119683.0,1629.0,4633.0,42.0,6257.028,85.164,242.213,2.196,43.52,19127772.0,85.129,23313.199,370.946,9.74,22.9,37.1,76.05,0.828
2020-09-26,ROU,Europe,Romania,121235.0,1552.0,4687.0,54.0,6338.166,81.139,245.036,2.823,43.52,19127772.0,85.129,23313.199,370.946,9.74,22.9,37.1,76.05,0.828
2020-09-27,ROU,Europe,Romania,122673.0,1438.0,4718.0,31.0,6413.345,75.179,246.657,1.621,43.52,19127772.0,85.129,23313.199,370.946,9.74,22.9,37.1,76.05,0.828
2020-09-28,ROU,Europe,Romania,123944.0,1271.0,4748.0,30.0,6479.793,66.448,248.225,1.568,43.52,19127772.0,85.129,23313.199,370.946,9.74,22.9,37.1,76.05,0.828
2020-09-29,ROU,Europe,Romania,125414.0,1470.0,4792.0,44.0,6556.644,76.852,250.526,2.3,43.52,19127772.0,85.129,23313.199,370.946,9.74,22.9,37.1,76.05,0.828
2020-09-30,ROU,Europe,Romania,127572.0,2158.0,4825.0,33.0,6669.465,112.82,252.251,1.725,43.52,19127772.0,85.129,23313.199,370.946,9.74,22.9,37.1,76.05,0.828
2020-01-10,ROU,Europe,Romania,129658.0,2086.0,4862.0,37.0,6778.521,109.056,254.185,1.934,43.52,19127772.0,85.129,23313.199,370.946,9.74,22.9,37.1,76.05,0.828
2020-02-10,ROU,Europe,Romania,132001.0,2343.0,4915.0,53.0,6901.013,122.492,256.956,2.771,43.52,19127772.0,85.129,23313.199,370.946,9.74,22.9,37.1,76.05,0.828
2020-03-10,ROU,Europe,Romania,134065.0,2064.0,4947.0,32.0,7008.919,107.906,258.629,1.673,43.52,19127772.0,85.129,23313.199,370.946,9.74,22.9,37.1,76.05,0.828
2020-04-10,ROU,Europe,Romania,135900.0,1835.0,5003.0,56.0,7104.853,95.934,261.557,2.928,43.52,19127772.0,85.129,23313.199,370.946,9.74,22.9,37.1,76.05,0.828
2020-05-10,ROU,Europe,Romania,137491.0,1591.0,5048.0,45.0,7188.03,83.177,263.909,2.353,43.52,19127772.0,85.129,23313.199,370.946,9.74,22.9,37.1,76.05,0.828
2020-06-10,ROU,Europe,Romania,139612.0,2121.0,5121.0,73.0,7298.916,110.886,267.726,3.816,43.52,19127772.0,85.129,23313.199,370.946,9.74,22.9,37.1,76.05,0.828
2020-07-10,ROU,Europe,Romania,142570.0,2958.0,5203.0,82.0,7453.56,154.644,272.013,4.287,45.37,19127772.0,85.129,23313.199,370.946,9.74,22.9,37.1,76.05,0.828
2020-08-10,ROU,Europe,Romania,145700.0,3130.0,5247.0,44.0,7617.197,163.636,274.313,2.3,45.37,19127772.0,85.129,23313.199,370.946,9.74,22.9,37.1,76.05,0.828
2020-09-10,ROU,Europe,Romania,148886.0,3186.0,5299.0,52.0,7783.761,166.564,277.032,2.719,44.44,19127772.0,85.129,23313.199,370.946,9.74,22.9,37.1,76.05,0.828
2020-10-10,ROU,Europe,Romania,152403.0,3517.0,5358.0,59.0,7967.629,183.869,280.116,3.085,44.44,19127772.0,85.129,23313.199,370.946,9.74,22.9,37.1,76.05,0.828
2020-11-10,ROU,Europe,Romania,155283.0,2880.0,5411.0,53.0,8118.196,150.566,282.887,2.771,44.44,19127772.0,85.129,23313.199,370.946,9.74,22.9,37.1,76.05,0.828
2020-12-10,ROU,Europe,Romania,157352.0,2069.0,5467.0,56.0,8226.363,108.167,285.815,2.928,44.44,19127772.0,85.129,23313.199,370.946,9.74,22.9,37.1,76.05,0.828
2020-10-13,ROU,Europe,Romania,160461.0,3109.0,5535.0,68.0,8388.902,162.539,289.37,3.555,44.44,19127772.0,85.129,23313.199,370.946,9.74,22.9,37.1,76.05,0.828
2020-10-14,ROU,Europe,Romania,164477.0,4016.0,5601.0,66.0,8598.858,209.956,292.82,3.45,44.44,19127772.0,85.129,23313.199,370.946,9.74,22.9,37.1,76.05,0.828
2020-10-15,ROU,Europe,Romania,168490.0,4013.0,5674.0,73.0,8808.658,209.8,296.637,3.816,44.44,19127772.0,85.129,23313.199,370.946,9.74,22.9,37.1,76.05,0.828
2020-10-16,ROU,Europe,Romania,172516.0,4026.0,5749.0,75.0,9019.137,210.479,300.558,3.921,44.44,19127772.0,85.129,23313.199,370.946,9.74,22.9,37.1,76.05,0.828
2020-10-17,ROU,Europe,Romania,176468.0,3952.0,5812.0,63.0,9225.748,206.611,303.851,3.294,44.44,19127772.0,85.129,23313.199,370.946,9.74,22.9,37.1,76.05,0.828
2020-10-18,ROU,Europe,Romania,180388.0,3920.0,5872.0,60.0,9430.685,204.938,306.988,3.137,44.44,19127772.0,85.129,23313.199,370.946,9.74,22.9,37.1,76.05,0.828
2020-10-19,ROU,Europe,Romania,182854.0,2466.0,5931.0,59.0,9559.608,128.922,310.073,3.085,44.44,19127772.0,85.129,23313.199,370.946,9.74,22.9,37.1,76.05,0.828
2020-10-20,ROU,Europe,Romania,186254.0,3400.0,5996.0,65.0,9737.36,177.752,313.471,3.398,54.63,19127772.0,85.129,23313.199,370.946,9.74,22.9,37.1,76.05,0.828
2020-10-21,ROU,Europe,Romania,191102.0,4848.0,6065.0,69.0,9990.813,253.453,317.078,3.607,54.63,19127772.0,85.129,23313.199,370.946,9.74,22.9,37.1,76.05,0.828
2020-10-22,ROU,Europe,Romania,196004.0,4902.0,6163.0,98.0,10247.09,256.277,322.202,5.123,54.63,19127772.0,85.129,23313.199,370.946,9.74,22.9,37.1,76.05,0.828
2020-10-23,ROU,Europe,Romania,201032.0,5028.0,6245.0,82.0,10509.954,262.864,326.489,4.287,54.63,19127772.0,85.129,23313.199,370.946,9.74,22.9,37.1,76.05,0.828
2020-10-24,ROU,Europe,Romania,205793.0,4761.0,6318.0,73.0,10758.859,248.905,330.305,3.816,54.63,19127772.0,85.129,23313.199,370.946,9.74,22.9,37.1,76.05,0.828
2020-10-25,ROU,Europe,Romania,209648.0,3855.0,6391.0,73.0,10960.398,201.539,334.122,3.816,54.63,19127772.0,85.129,23313.199,370.946,9.74,22.9,37.1,76.05,0.828
2020-10-26,ROU,Europe,Romania,212492.0,2844.0,6470.0,79.0,11109.083,148.684,338.252,4.13,54.63,19127772.0,85.129,23313.199,370.946,9.74,22.9,37.1,76.05,0.828
2020-10-27,ROU,Europe,Romania,217216.0,4724.0,6574.0,104.0,11356.053,246.971,343.689,5.437,54.63,19127772.0,85.129,23313.199,370.946,9.74,22.9,37.1,76.05,0.828
2020-10-28,ROU,Europe,Romania,222559.0,5343.0,6681.0,107.0,11635.385,279.332,349.283,5.594,54.63,19127772.0,85.129,23313.199,370.946,9.74,22.9,37.1,76.05,0.828
2020-10-29,ROU,Europe,Romania,229040.0,6481.0,6764.0,83.0,11974.212,338.827,353.622,4.339,54.63,19127772.0,85.129,23313.199,370.946,9.74,22.9,37.1,76.05,0.828
2020-10-30,ROU,Europe,Romania,235586.0,6546.0,6867.0,103.0,12316.437,342.225,359.007,5.385,54.63,19127772.0,85.129,23313.199,370.946,9.74,22.9,37.1,76.05,0.828
2020-10-31,ROU,Europe,Romania,241339.0,5753.0,6968.0,101.0,12617.204,300.767,364.287,5.28,54.63,19127772.0,85.129,23313.199,370.946,9.74,22.9,37.1,76.05,0.828
2020-01-11,ROU,Europe,Romania,246663.0,5324.0,7067.0,99.0,12895.543,278.339,369.463,5.176,54.63,19127772.0,85.129,23313.199,370.946,9.74,22.9,37.1,76.05,0.828
2020-02-11,ROU,Europe,Romania,250704.0,4041.0,7153.0,86.0,13106.806,211.263,373.959,4.496,54.63,19127772.0,85.129,23313.199,370.946,9.74,22.9,37.1,76.05,0.828
2020-03-11,ROU,Europe,Romania,258437.0,7733.0,7273.0,120.0,13511.087,404.281,380.232,6.274,54.63,19127772.0,85.129,23313.199,370.946,9.74,22.9,37.1,76.05,0.828
2020-04-11,ROU,Europe,Romania,267088.0,8651.0,7419.0,146.0,13963.362,452.274,387.865,7.633,54.63,19127772.0,85.129,23313.199,370.946,9.74,22.9,37.1,76.05,0.828
2020-05-11,ROU,Europe,Romania,276802.0,9714.0,7540.0,121.0,14471.21,507.848,394.191,6.326,54.63,19127772.0,85.129,23313.199,370.946,9.74,22.9,37.1,76.05,0.828
2020-06-11,ROU,Europe,Romania,287062.0,10260.0,7663.0,123.0,15007.603,536.393,400.622,6.43,54.63,19127772.0,85.129,23313.199,370.946,9.74,22.9,37.1,76.05,0.828
2020-07-11,ROU,Europe,Romania,296999.0,9937.0,7793.0,130.0,15527.109,519.506,407.418,6.796,54.63,19127772.0,85.129,23313.199,370.946,9.74,22.9,37.1,76.05,0.828
2020-08-11,ROU,Europe,Romania,303751.0,6752.0,7879.0,86.0,15880.104,352.995,411.914,4.496,54.63,19127772.0,85.129,23313.199,370.946,9.74,22.9,37.1,76.05,0.828
2020-09-11,ROU,Europe,Romania,306991.0,3240.0,8009.0,130.0,16049.491,169.387,418.711,6.796,66.67,19127772.0,85.129,23313.199,370.946,9.74,22.9,37.1,76.05,0.828
2020-10-11,ROU,Europe,Romania,314295.0,7304.0,8186.0,177.0,16431.344,381.853,427.964,9.254,66.67,19127772.0,85.129,23313.199,370.946,9.74,22.9,37.1,76.05,0.828
2020-11-11,ROU,Europe,Romania,324094.0,9799.0,8389.0,203.0,16943.636,512.292,438.577,10.613,66.67,19127772.0,85.129,23313.199,370.946,9.74,22.9,37.1,76.05,0.828
2020-12-11,ROU,Europe,Romania,334236.0,10142.0,8510.0,121.0,17473.859,530.224,444.903,6.326,66.67,19127772.0,85.129,23313.199,370.946,9.74,22.9,37.1,76.05,0.828
2020-11-13,ROU,Europe,Romania,343725.0,9489.0,8684.0,174.0,17969.944,496.085,454.0,9.097,66.67,19127772.0,85.129,23313.199,370.946,9.74,22.9,37.1,76.05,0.828
2020-11-14,ROU,Europe,Romania,353185.0,9460.0,8813.0,129.0,18464.513,494.569,460.744,6.744,66.67,19127772.0,85.129,23313.199,370.946,9.74,22.9,37.1,76.05,0.828
2020-11-15,ROU,Europe,Romania,360281.0,7096.0,8926.0,113.0,18835.492,370.979,466.651,5.908,66.67,19127772.0,85.129,23313.199,370.946,9.74,22.9,37.1,76.05,0.828
2020-11-16,ROU,Europe,Romania,365212.0,4931.0,9075.0,149.0,19093.285,257.793,474.441,7.79,76.85,19127772.0,85.129,23313.199,370.946,9.74,22.9,37.1,76.05,0.828
2020-11-17,ROU,Europe,Romania,373474.0,8262.0,9261.0,186.0,19525.222,431.937,484.165,9.724,76.85,19127772.0,85.129,23313.199,370.946,9.74,22.9,37.1,76.05,0.828
2020-11-18,ROU,Europe,Romania,383743.0,10269.0,9429.0,168.0,20062.086,536.863,492.948,8.783,76.85,19127772.0,85.129,23313.199,370.946,9.74,22.9,37.1,76.05,0.828
2020-11-19,ROU,Europe,Romania,393851.0,10108.0,9596.0,167.0,20590.532,528.446,501.679,8.731,76.85,19127772.0,85.129,23313.199,370.946,9.74,22.9,37.1,76.05,0.828
2020-11-20,ROU,Europe,Romania,403123.0,9272.0,9756.0,160.0,21075.272,484.74,510.044,8.365,76.85,19127772.0,85.129,23313.199,370.946,9.74,22.9,37.1,76.05,0.828
2020-11-21,ROU,Europe,Romania,412808.0,9685.0,9916.0,160.0,21581.604,506.332,518.409,8.365,76.85,19127772.0,85.129,23313.199,370.946,9.74,22.9,37.1,76.05,0.828
2020-11-22,ROU,Europe,Romania,418645.0,5837.0,10047.0,131.0,21886.762,305.158,525.257,6.849,76.85,19127772.0,85.129,23313.199,370.946,9.74,22.9,37.1,76.05,0.828
2020-11-23,ROU,Europe,Romania,422852.0,4207.0,10177.0,130.0,22106.704,219.942,532.054,6.796,76.85,19127772.0,85.129,23313.199,370.946,9.74,22.9,37.1,76.05,0.828
2020-11-24,ROU,Europe,Romania,430605.0,7753.0,10373.0,196.0,22512.031,405.327,542.3,10.247,76.85,19127772.0,85.129,23313.199,370.946,9.74,22.9,37.1,76.05,0.828
2020-11-25,ROU,Europe,Romania,440344.0,9739.0,10541.0,168.0,23021.186,509.155,551.084,8.783,76.85,19127772.0,85.129,23313.199,370.946,9.74,22.9,37.1,76.05,0.828
2020-11-26,ROU,Europe,Romania,449349.0,9005.0,10712.0,171.0,23491.968,470.781,560.023,8.94,76.85,19127772.0,85.129,23313.199,370.946,9.74,22.9,37.1,76.05,0.828
2020-11-27,ROU,Europe,Romania,457848.0,8499.0,10884.0,172.0,23936.295,444.328,569.016,8.992,76.85,19127772.0,85.129,23313.199,370.946,9.74,22.9,37.1,76.05,0.828
2020-11-28,ROU,Europe,Romania,465982.0,8134.0,11045.0,161.0,24361.541,425.246,577.433,8.417,76.85,19127772.0,85.129,23313.199,370.946,9.74,22.9,37.1,76.05,0.828
2020-11-29,ROU,Europe,Romania,471536.0,5554.0,11193.0,148.0,24651.904,290.363,585.17,7.737,76.85,19127772.0,85.129,23313.199,370.946,9.74,22.9,37.1,76.05,0.828
2020-11-30,ROU,Europe,Romania,475362.0,3826.0,11331.0,138.0,24851.927,200.023,592.385,7.215,76.85,19127772.0,85.129,23313.199,370.946,9.74,22.9,37.1,76.05,0.828
2020-01-12,ROU,Europe,Romania,479634.0,4272.0,11530.0,199.0,25075.268,223.34,602.788,10.404,76.85,19127772.0,85.129,23313.199,370.946,9.74,22.9,37.1,76.05,0.828
2020-02-12,ROU,Europe,Romania,484550.0,4916.0,11665.0,135.0,25332.276,257.009,609.846,7.058,76.85,19127772.0,85.129,23313.199,370.946,9.74,22.9,37.1,76.05,0.828
2020-03-12,ROU,Europe,Romania,492211.0,7661.0,11876.0,211.0,25732.793,400.517,620.877,11.031,76.85,19127772.0,85.129,23313.199,370.946,9.74,22.9,37.1,76.05,0.828
2020-04-12,ROU,Europe,Romania,500273.0,8062.0,12052.0,176.0,26154.275,421.481,630.079,9.201,76.85,19127772.0,85.129,23313.199,370.946,9.74,22.9,37.1,76.05,0.828
2020-05-12,ROU,Europe,Romania,508345.0,8072.0,12186.0,134.0,26576.279,422.004,637.084,7.006,76.85,19127772.0,85.129,23313.199,370.946,9.74,22.9,37.1,76.05,0.828
2020-06-12,ROU,Europe,Romania,513576.0,5231.0,12320.0,134.0,26849.755,273.477,644.09,7.006,76.85,19127772.0,85.129,23313.199,370.946,9.74,22.9,37.1,76.05,0.828
2020-07-12,ROU,Europe,Romania,517236.0,3660.0,12447.0,127.0,27041.1,191.345,650.729,6.64,76.85,19127772.0,85.129,23313.199,370.946,9.74,22.9,37.1,76.05,0.828
2020-08-12,ROU,Europe,Romania,524675.0,7439.0,12660.0,213.0,27430.011,388.911,661.865,11.136,76.85,19127772.0,85.129,23313.199,370.946,9.74,22.9,37.1,76.05,0.828
2020-09-12,ROU,Europe,Romania,532040.0,7365.0,12821.0,161.0,27815.053,385.042,670.282,8.417,76.85,19127772.0,85.129,23313.199,370.946,9.74,22.9,37.1,76.05,0.828
2020-10-12,ROU,Europe,Romania,539107.0,7067.0,12948.0,127.0,28184.516,369.463,676.921,6.64,76.85,19127772.0,85.129,23313.199,370.946,9.74,22.9,37.1,76.05,0.828
2020-11-12,ROU,Europe,Romania,545567.0,6460.0,13116.0,168.0,28522.245,337.729,685.705,8.783,76.85,19127772.0,85.129,23313.199,370.946,9.74,22.9,37.1,76.05,0.828
2020-12-12,ROU,Europe,Romania,551900.0,6333.0,13264.0,148.0,28853.334,331.089,693.442,7.737,76.85,19127772.0,85.129,23313.199,370.946,9.74,22.9,37.1,76.05,0.828
2020-12-13,ROU,Europe,Romania,556335.0,4435.0,13385.0,121.0,29085.196,231.862,699.768,6.326,76.85,19127772.0,85.129,23313.199,370.946,9.74,22.9,37.1,76.05,0.828
2020-12-14,ROU,Europe,Romania,559587.0,3252.0,13494.0,109.0,29255.211,170.015,705.466,5.699,76.85,19127772.0,85.129,23313.199,370.946,9.74,22.9,37.1,76.05,0.828
2020-12-15,ROU,Europe,Romania,565758.0,6171.0,13698.0,204.0,29577.831,322.62,716.131,10.665,76.85,19127772.0,85.129,23313.199,370.946,9.74,22.9,37.1,76.05,0.828
2020-12-16,ROU,Europe,Romania,571749.0,5991.0,13862.0,164.0,29891.04,313.21,724.705,8.574,76.85,19127772.0,85.129,23313.199,370.946,9.74,22.9,37.1,76.05,0.828
2020-12-17,ROU,Europe,Romania,577446.0,5697.0,13969.0,107.0,30188.879,297.839,730.299,5.594,76.85,19127772.0,85.129,23313.199,370.946,9.74,22.9,37.1,76.05,0.828
2020-12-18,ROU,Europe,Romania,582786.0,5340.0,14157.0,188.0,30468.055,279.175,740.128,9.829,76.85,19127772.0,85.129,23313.199,370.946,9.74,22.9,37.1,76.05,0.828
2020-12-19,ROU,Europe,Romania,587944.0,5158.0,14296.0,139.0,30737.715,269.66,747.395,7.267,76.85,19127772.0,85.129,23313.199,370.946,9.74,22.9,37.1,76.05,0.828
2020-12-20,ROU,Europe,Romania,591294.0,3350.0,14394.0,98.0,30912.853,175.138,752.518,5.123,76.85,19127772.0,85.129,23313.199,370.946,9.74,22.9,37.1,76.05,0.828
2020-12-21,ROU,Europe,Romania,593783.0,2489.0,14481.0,87.0,31042.978,130.125,757.067,4.548,76.85,19127772.0,85.129,23313.199,370.946,9.74,22.9,37.1,76.05,0.828
2020-12-22,ROU,Europe,Romania,598792.0,5009.0,14636.0,155.0,31304.848,261.871,765.17,8.103,76.85,19127772.0,85.129,23313.199,370.946,9.74,22.9,37.1,76.05,0.828
2020-12-23,ROU,Europe,Romania,604251.0,5459.0,14766.0,130.0,31590.245,285.397,771.967,6.796,76.85,19127772.0,85.129,23313.199,370.946,9.74,22.9,37.1,76.05,0.828
2020-12-24,ROU,Europe,Romania,608561.0,4310.0,14912.0,146.0,31815.572,225.327,779.599,7.633,76.85,19127772.0,85.129,23313.199,370.946,9.74,22.9,37.1,76.05,0.828
2020-12-25,ROU,Europe,Romania,612373.0,3812.0,15023.0,111.0,32014.863,199.291,785.403,5.803,76.85,19127772.0,85.129,23313.199,370.946,9.74,22.9,37.1,76.05,0.828
2020-12-26,ROU,Europe,Romania,613760.0,1387.0,15108.0,85.0,32087.375,72.512,789.846,4.444,76.85,19127772.0,85.129,23313.199,370.946,9.74,22.9,37.1,76.05,0.828
2020-12-27,ROU,Europe,Romania,615809.0,2049.0,15230.0,122.0,32194.497,107.122,796.224,6.378,76.85,19127772.0,85.129,23313.199,370.946,9.74,22.9,37.1,76.05,0.828
2020-12-28,ROU,Europe,Romania,618429.0,2620.0,15334.0,104.0,32331.471,136.974,801.662,5.437,76.85,19127772.0,85.129,23313.199,370.946,9.74,22.9,37.1,76.05,0.828
2020-12-29,ROU,Europe,Romania,623066.0,4637.0,15469.0,135.0,32573.893,242.422,808.719,7.058,76.85,19127772.0,85.129,23313.199,370.946,9.74,22.9,37.1,76.05,0.828
2020-12-30,ROU,Europe,Romania,627941.0,4875.0,15596.0,127.0,32828.758,254.865,815.359,6.64,76.85,19127772.0,85.129,23313.199,370.946,9.74,22.9,37.1,76.05,0.828
2020-12-31,ROU,Europe,Romania,632263.0,4322.0,15767.0,171.0,33054.712,225.954,824.299,8.94,76.85,19127772.0,85.129,23313.199,370.946,9.74,22.9,37.1,76.05,0.828
2021-01-01,ROU,Europe,Romania,636201.0,3938.0,15841.0,74.0,33260.591,205.879,828.168,3.869,76.85,19127772.0,85.129,23313.199,370.946,9.74,22.9,37.1,76.05,0.828
2021-02-01,ROU,Europe,Romania,637395.0,1194.0,15919.0,78.0,33323.013,62.422,832.245,4.078,76.85,19127772.0,85.129,23313.199,370.946,9.74,22.9,37.1,76.05,0.828
2021-03-01,ROU,Europe,Romania,640429.0,3034.0,15979.0,60.0,33481.631,158.618,835.382,3.137,76.85,19127772.0,85.129,23313.199,370.946,9.74,22.9,37.1,76.05,0.828
2021-04-01,ROU,Europe,Romania,643559.0,3130.0,16057.0,78.0,33645.267,163.636,839.46,4.078,76.85,19127772.0,85.129,23313.199,370.946,9.74,22.9,37.1,76.05,0.828
2021-05-01,ROU,Europe,Romania,648288.0,4729.0,16178.0,121.0,33892.499,247.232,845.786,6.326,76.85,19127772.0,85.129,23313.199,370.946,9.74,22.9,37.1,76.05,0.828
2021-06-01,ROU,Europe,Romania,654007.0,5719.0,16299.0,121.0,34191.489,298.989,852.112,6.326,76.85,19127772.0,85.129,23313.199,370.946,9.74,22.9,37.1,76.05,0.828
2021-07-01,ROU,Europe,Romania,658958.0,4951.0,16410.0,111.0,34450.327,258.838,857.915,5.803,76.85,19127772.0,85.129,23313.199,370.946,9.74,22.9,37.1,76.05,0.828
2021-08-01,ROU,Europe,Romania,663799.0,4841.0,16506.0,96.0,34703.414,253.088,862.934,5.019,76.85,19127772.0,85.129,23313.199,370.946,9.74,22.9,37.1,76.05,0.828
2021-09-01,ROU,Europe,Romania,668202.0,4403.0,16592.0,86.0,34933.603,230.189,867.43,4.496,76.85,19127772.0,85.129,23313.199,370.946,9.74,22.9,37.1,76.05,0.828
2021-10-01,ROU,Europe,Romania,671284.0,3082.0,16654.0,62.0,35094.73,161.127,870.671,3.241,76.85,19127772.0,85.129,23313.199,370.946,9.74,22.9,37.1,76.05,0.828
2021-11-01,ROU,Europe,Romania,673271.0,1987.0,16725.0,71.0,35198.611,103.88,874.383,3.712,76.85,19127772.0,85.129,23313.199,370.946,9.74,22.9,37.1,76.05,0.828
2021-12-01,ROU,Europe,Romania,676968.0,3697.0,16881.0,156.0,35391.89,193.279,882.539,8.156,76.85,19127772.0,85.129,23313.199,370.946,9.74,22.9,37.1,76.05,0.828
2021-01-13,ROU,Europe,Romania,681392.0,4424.0,16969.0,88.0,35623.177,231.287,887.139,4.601,76.85,19127772.0,85.129,23313.199,370.946,9.74,22.9,37.1,76.05,0.828
2021-01-14,ROU,Europe,Romania,684917.0,3525.0,17035.0,66.0,35807.464,184.287,890.59,3.45,76.85,19127772.0,85.129,23313.199,370.946,9.74,22.9,37.1,76.05,0.828
2021-01-15,ROU,Europe,Romania,688270.0,3353.0,17098.0,63.0,35982.758,175.295,893.884,3.294,76.85,19127772.0,85.129,23313.199,370.946,9.74,22.9,37.1,76.05,0.828
2021-01-16,ROU,Europe,Romania,691488.0,3218.0,17164.0,66.0,36150.996,168.237,897.334,3.45,76.85,19127772.0,85.129,23313.199,370.946,9.74,22.9,37.1,76.05,0.828
2021-01-17,ROU,Europe,Romania,693644.0,2156.0,17221.0,57.0,36263.711,112.716,900.314,2.98,76.85,19127772.0,85.129,23313.199,370.946,9.74,22.9,37.1,76.05,0.828
2021-01-18,ROU,Europe,Romania,695153.0,1509.0,17271.0,50.0,36342.602,78.891,902.928,2.614,76.85,19127772.0,85.129,23313.199,370.946,9.74,22.9,37.1,76.05,0.828
2021-01-19,ROU,Europe,Romania,697898.0,2745.0,17369.0,98.0,36486.11,143.509,908.051,5.123,76.85,19127772.0,85.129,23313.199,370.946,9.74,22.9,37.1,76.05,0.828
2021-01-20,ROU,Europe,Romania,700898.0,3000.0,17485.0,116.0,36642.95,156.84,914.116,6.064,76.85,19127772.0,85.129,23313.199,370.946,9.74,22.9,37.1,76.05,0.828
2021-01-21,ROU,Europe,Romania,703776.0,2878.0,17554.0,69.0,36793.412,150.462,917.723,3.607,76.85,19127772.0,85.129,23313.199,370.946,9.74,22.9,37.1,76.05,0.828
2021-01-22,ROU,Europe,Romania,706475.0,2699.0,17628.0,74.0,36934.516,141.104,921.592,3.869,76.85,19127772.0,85.129,23313.199,370.946,9.74,22.9,37.1,76.05,0.828
2021-01-23,ROU,Europe,Romania,709194.0,2719.0,17722.0,94.0,37076.665,142.149,926.506,4.914,76.85,19127772.0,85.129,23313.199,370.946,9.74,22.9,37.1,76.05,0.828
2021-01-24,ROU,Europe,Romania,711010.0,1816.0,17776.0,54.0,37171.606,94.94,929.329,2.823,76.85,19127772.0,85.129,23313.199,370.946,9.74,22.9,37.1,76.05,0.828
2021-01-25,ROU,Europe,Romania,712561.0,1551.0,17841.0,65.0,37252.692,81.086,932.728,3.398,76.85,19127772.0,85.129,23313.199,370.946,9.74,22.9,37.1,76.05,0.828
2021-01-26,ROU,Europe,Romania,715438.0,2877.0,17938.0,97.0,37403.102,150.41,937.799,5.071,76.85,19127772.0,85.129,23313.199,370.946,9.74,22.9,37.1,76.05,0.828
2021-01-27,ROU,Europe,Romania,718612.0,3174.0,18015.0,77.0,37569.038,165.937,941.824,4.026,76.85,19127772.0,85.129,23313.199,370.946,9.74,22.9,37.1,76.05,0.828
2021-01-28,ROU,Europe,Romania,721513.0,2901.0,18105.0,90.0,37720.703,151.664,946.529,4.705,76.85,19127772.0,85.129,23313.199,370.946,9.74,22.9,37.1,76.05,0.828
2021-01-29,ROU,Europe,Romania,724250.0,2737.0,18196.0,91.0,37863.793,143.09,951.287,4.757,76.85,19127772.0,85.129,23313.199,370.946,9.74,22.9,37.1,76.05,0.828
2021-01-30,ROU,Europe,Romania,726918.0,2668.0,18264.0,68.0,38003.276,139.483,954.842,3.555,76.85,19127772.0,85.129,23313.199,370.946,9.74,22.9,37.1,76.05,0.828
2021-01-31,ROU,Europe,Romania,728743.0,1825.0,18335.0,71.0,38098.687,95.411,958.554,3.712,76.85,19127772.0,85.129,23313.199,370.946,9.74,22.9,37.1,76.05,0.828
2021-01-02,ROU,Europe,Romania,730056.0,1313.0,18402.0,67.0,38167.331,68.644,962.057,3.503,76.85,19127772.0,85.129,23313.199,370.946,9.74,22.9,37.1,76.05,0.828
2021-02-02,ROU,Europe,Romania,732732.0,2676.0,18513.0,111.0,38307.232,139.901,967.86,5.803,76.85,19127772.0,85.129,23313.199,370.946,9.74,22.9,37.1,76.05,0.828
2021-03-02,ROU,Europe,Romania,735484.0,2752.0,18600.0,87.0,38451.107,143.875,972.408,4.548,76.85,19127772.0,85.129,23313.199,370.946,9.74,22.9,37.1,76.05,0.828
2021-04-02,ROU,Europe,Romania,738152.0,2668.0,18675.0,75.0,38590.59,139.483,976.329,3.921,76.85,19127772.0,85.129,23313.199,370.946,9.74,22.9,37.1,76.05,0.828
2021-05-02,ROU,Europe,Romania,740732.0,2580.0,18748.0,73.0,38725.472,134.882,980.146,3.816,76.85,19127772.0,85.129,23313.199,370.946,9.74,22.9,37.1,76.05,0.828
2021-06-02,ROU,Europe,Romania,743343.0,2611.0,18809.0,61.0,38861.975,136.503,983.335,3.189,76.85,19127772.0,85.129,23313.199,370.946,9.74,22.9,37.1,76.05,0.828
2021-07-02,ROU,Europe,Romania,745318.0,1975.0,18881.0,72.0,38965.228,103.253,987.099,3.764,76.85,19127772.0,85.129,23313.199,370.946,9.74,22.9,37.1,76.05,0.828
2021-08-02,ROU,Europe,Romania,746637.0,1319.0,18961.0,80.0,39034.185,68.957,991.281,4.182,76.85,19127772.0,85.129,23313.199,370.946,9.74,22.9,37.1,76.05,0.828
2021-09-02,ROU,Europe,Romania,749434.0,2797.0,19056.0,95.0,39180.413,146.227,996.248,4.967,76.85,19127772.0,85.129,23313.199,370.946,9.74,22.9,37.1,76.05,0.828
2021-10-02,ROU,Europe,Romania,752482.0,3048.0,19135.0,79.0,39339.762,159.349,1000.378,4.13,76.85,19127772.0,85.129,23313.199,370.946,9.74,22.9,37.1,76.05,0.828
2021-11-02,ROU,Europe,Romania,755126.0,2644.0,19200.0,65.0,39477.99,138.228,1003.776,3.398,76.85,19127772.0,85.129,23313.199,370.946,9.74,22.9,37.1,76.05,0.828
2021-12-02,ROU,Europe,Romania,757676.0,2550.0,19277.0,77.0,39611.304,133.314,1007.802,4.026,76.85,19127772.0,85.129,23313.199,370.946,9.74,22.9,37.1,76.05,0.828
2021-02-13,ROU,Europe,Romania,760091.0,2415.0,19325.0,48.0,39737.561,126.256,1010.311,2.509,76.85,19127772.0,85.129,23313.199,370.946,9.74,22.9,37.1,76.05,0.828
2021-02-14,ROU,Europe,Romania,761963.0,1872.0,19366.0,41.0,39835.429,97.868,1012.455,2.143,76.85,19127772.0,85.129,23313.199,370.946,9.74,22.9,37.1,76.05,0.828
2021-02-15,ROU,Europe,Romania,763294.0,1331.0,19445.0,79.0,39905.014,69.585,1016.585,4.13,62.96,19127772.0,85.129,23313.199,370.946,9.74,22.9,37.1,76.05,0.828
2021-02-16,ROU,Europe,Romania,765970.0,2676.0,19526.0,81.0,40044.915,139.901,1020.819,4.235,62.96,19127772.0,85.129,23313.199,370.946,9.74,22.9,37.1,76.05,0.828
2021-02-17,ROU,Europe,Romania,768785.0,2815.0,19588.0,62.0,40192.083,147.168,1024.061,3.241,62.96,19127772.0,85.129,23313.199,370.946,9.74,22.9,37.1,76.05,0.828
2021-02-18,ROU,Europe,Romania,771843.0,3058.0,19659.0,71.0,40351.955,159.872,1027.773,3.712,62.96,19127772.0,85.129,23313.199,370.946,9.74,22.9,37.1,76.05,0.828
2021-02-19,ROU,Europe,Romania,774555.0,2712.0,19738.0,79.0,40493.739,141.783,1031.903,4.13,62.96,19127772.0,85.129,23313.199,370.946,9.74,22.9,37.1,76.05,0.828
2021-02-20,ROU,Europe,Romania,777276.0,2721.0,19795.0,57.0,40635.993,142.254,1034.883,2.98,62.96,19127772.0,85.129,23313.199,370.946,9.74,22.9,37.1,76.05,0.828
2021-02-21,ROU,Europe,Romania,779695.0,2419.0,19847.0,52.0,40762.458,126.465,1037.601,2.719,73.15,19127772.0,85.129,23313.199,370.946,9.74,22.9,37.1,76.05,0.828
2021-02-22,ROU,Europe,Romania,781329.0,1634.0,19894.0,47.0,40847.883,85.426,1040.058,2.457,73.15,19127772.0,85.129,23313.199,370.946,9.74,22.9,37.1,76.05,0.828
2021-02-23,ROU,Europe,Romania,784711.0,3382.0,20013.0,119.0,41024.694,176.811,1046.28,6.221,73.15,19127772.0,85.129,23313.199,370.946,9.74,22.9,37.1,76.05,0.828
2021-02-24,ROU,Europe,Romania,788048.0,3337.0,20086.0,73.0,41199.153,174.458,1050.096,3.816,73.15,19127772.0,85.129,23313.199,370.946,9.74,22.9,37.1,76.05,0.828
2021-02-25,ROU,Europe,Romania,791971.0,3923.0,20167.0,81.0,41404.247,205.094,1054.331,4.235,73.15,19127772.0,85.129,23313.199,370.946,9.74,22.9,37.1,76.05,0.828
2021-02-26,ROU,Europe,Romania,795732.0,3761.0,20233.0,66.0,41600.872,196.625,1057.781,3.45,73.15,19127772.0,85.129,23313.199,370.946,9.74,22.9,37.1,76.05,0.828
2021-02-27,ROU,Europe,Romania,799164.0,3432.0,20287.0,54.0,41780.297,179.425,1060.604,2.823,73.15,19127772.0,85.129,23313.199,370.946,9.74,22.9,37.1,76.05,0.828
2021-02-28,ROU,Europe,Romania,801994.0,2830.0,20350.0,63.0,41928.25,147.952,1063.898,3.294,73.15,19127772.0,85.129,23313.199,370.946,9.74,22.9,37.1,76.05,0.828
2021-01-03,ROU,Europe,Romania,804090.0,2096.0,20403.0,53.0,42037.829,109.579,1066.669,2.771,73.15,19127772.0,85.129,23313.199,370.946,9.74,22.9,37.1,76.05,0.828
2021-02-03,ROU,Europe,Romania,808040.0,3950.0,20509.0,106.0,42244.335,206.506,1072.211,5.542,73.15,19127772.0,85.129,23313.199,370.946,9.74,22.9,37.1,76.05,0.828
2021-03-03,ROU,Europe,Romania,812318.0,4278.0,20586.0,77.0,42467.988,223.654,1076.236,4.026,73.15,19127772.0,85.129,23313.199,370.946,9.74,22.9,37.1,76.05,0.828
2021-04-03,ROU,Europe,Romania,816589.0,4271.0,20684.0,98.0,42691.276,223.288,1081.36,5.123,73.15,19127772.0,85.129,23313.199,370.946,9.74,22.9,37.1,76.05,0.828
2021-05-03,ROU,Europe,Romania,820931.0,4342.0,20785.0,101.0,42918.276,227.0,1086.64,5.28,73.15,19127772.0,85.129,23313.199,370.946,9.74,22.9,37.1,76.05,0.828
2021-06-03,ROU,Europe,Romania,824995.0,4064.0,20854.0,69.0,43130.742,212.466,1090.247,3.607,73.15,19127772.0,85.129,23313.199,370.946,9.74,22.9,37.1,76.05,0.828
2021-07-03,ROU,Europe,Romania,828283.0,3288.0,20900.0,46.0,43302.639,171.897,1092.652,2.405,73.15,19127772.0,85.129,23313.199,370.946,9.74,22.9,37.1,76.05,0.828
2021-08-03,ROU,Europe,Romania,830563.0,2280.0,20963.0,63.0,43421.837,119.198,1095.946,3.294,73.15,19127772.0,85.129,23313.199,370.946,9.74,22.9,37.1,76.05,0.828
2021-09-03,ROU,Europe,Romania,835552.0,4989.0,21056.0,93.0,43682.662,260.825,1100.808,4.862,73.15,19127772.0,85.129,23313.199,370.946,9.74,22.9,37.1,76.05,0.828
2021-10-03,ROU,Europe,Romania,840116.0,4564.0,21156.0,100.0,43921.268,238.606,1106.036,5.228,73.15,19127772.0,85.129,23313.199,370.946,9.74,22.9,37.1,76.05,0.828
2021-11-03,ROU,Europe,Romania,845352.0,5236.0,21252.0,96.0,44195.006,273.738,1111.055,5.019,73.15,19127772.0,85.129,23313.199,370.946,9.74,22.9,37.1,76.05,0.828
2021-12-03,ROU,Europe,Romania,850362.0,5010.0,21360.0,108.0,44456.929,261.923,1116.701,5.646,73.15,19127772.0,85.129,23313.199,370.946,9.74,22.9,37.1,76.05,0.828
2021-03-13,ROU,Europe,Romania,855326.0,4964.0,21439.0,79.0,44716.447,259.518,1120.831,4.13,73.15,19127772.0,85.129,23313.199,370.946,9.74,22.9,37.1,76.05,0.828
2021-03-14,ROU,Europe,Romania,859709.0,4383.0,21483.0,44.0,44945.59,229.143,1123.131,2.3,73.15,19127772.0,85.129,23313.199,370.946,9.74,22.9,37.1,76.05,0.828
2021-03-15,ROU,Europe,Romania,862681.0,2972.0,21565.0,82.0,45100.966,155.376,1127.418,4.287,63.89,19127772.0,85.129,23313.199,370.946,9.74,22.9,37.1,76.05,0.828
2021-03-16,ROU,Europe,Romania,868799.0,6118.0,21698.0,133.0,45420.815,319.849,1134.372,6.953,63.89,19127772.0,85.129,23313.199,370.946,9.74,22.9,37.1,76.05,0.828
2021-03-17,ROU,Europe,Romania,874985.0,6186.0,21787.0,89.0,45744.219,323.404,1139.024,4.653,63.89,19127772.0,85.129,23313.199,370.946,9.74,22.9,37.1,76.05,0.828
2021-03-18,ROU,Europe,Romania,881159.0,6174.0,21877.0,90.0,46066.996,322.777,1143.73,4.705,63.89,19127772.0,85.129,23313.199,370.946,9.74,22.9,37.1,76.05,0.828
2021-03-19,ROU,Europe,Romania,886752.0,5593.0,22020.0,143.0,46359.398,292.402,1151.206,7.476,63.89,19127772.0,85.129,23313.199,370.946,9.74,22.9,37.1,76.05,0.828
2021-03-20,ROU,Europe,Romania,892848.0,6096.0,22132.0,112.0,46678.097,318.699,1157.061,5.855,63.89,19127772.0,85.129,23313.199,370.946,9.74,22.9,37.1,76.05,0.828
2021-03-21,ROU,Europe,Romania,897115.0,4267.0,22208.0,76.0,46901.176,223.079,1161.034,3.973,63.89,19127772.0,85.129,23313.199,370.946,9.74,22.9,37.1,76.05,0.828
2021-03-22,ROU,Europe,Romania,900858.0,3743.0,22268.0,60.0,47096.86,195.684,1164.171,3.137,63.89,19127772.0,85.129,23313.199,370.946,9.74,22.9,37.1,76.05,0.828
2021-03-23,ROU,Europe,Romania,907007.0,6149.0,22442.0,174.0,47418.33,321.47,1173.268,9.097,63.89,19127772.0,85.129,23313.199,370.946,9.74,22.9,37.1,76.05,0.828
2021-03-24,ROU,Europe,Romania,913143.0,6136.0,22579.0,137.0,47739.12,320.79,1180.43,7.162,63.89,19127772.0,85.129,23313.199,370.946,9.74,22.9,37.1,76.05,0.828
2021-03-25,ROU,Europe,Romania,919794.0,6651.0,22719.0,140.0,48086.834,347.714,1187.749,7.319,63.89,19127772.0,85.129,23313.199,370.946,9.74,22.9,37.1,76.05,0.828
2021-03-26,ROU,Europe,Romania,926310.0,6516.0,22835.0,116.0,48427.491,340.657,1193.814,6.064,63.89,19127772.0,85.129,23313.199,370.946,9.74,22.9,37.1,76.05,0.828
2021-03-27,ROU,Europe,Romania,932179.0,5869.0,22997.0,162.0,48734.322,306.831,1202.283,8.469,63.89,19127772.0,85.129,23313.199,370.946,9.74,22.9,37.1,76.05,0.828
2021-03-28,ROU,Europe,Romania,936618.0,4439.0,23114.0,117.0,48966.393,232.071,1208.4,6.117,63.89,19127772.0,85.129,23313.199,370.946,9.74,22.9,37.1,76.05,0.828
2021-03-29,ROU,Europe,Romania,940443.0,3825.0,23234.0,120.0,49166.364,199.971,1214.674,6.274,63.89,19127772.0,85.129,23313.199,370.946,9.74,22.9,37.1,76.05,0.828
2021-03-30,ROU,Europe,Romania,946647.0,6204.0,23409.0,175.0,49490.709,324.345,1223.823,9.149,63.89,19127772.0,85.129,23313.199,370.946,9.74,22.9,37.1,76.05,0.828
2021-03-31,ROU,Europe,Romania,952803.0,6156.0,23538.0,129.0,49812.545,321.836,1230.567,6.744,63.89,19127772.0,85.129,23313.199,370.946,9.74,22.9,37.1,76.05,0.828
2021-01-04,ROU,Europe,Romania,958918.0,6115.0,23674.0,136.0,50132.237,319.692,1237.677,7.11,63.89,19127772.0,85.129,23313.199,370.946,9.74,22.9,37.1,76.05,0.828
2021-02-04,ROU,Europe,Romania,964726.0,5808.0,23819.0,145.0,50435.879,303.642,1245.257,7.581,63.89,19127772.0,85.129,23313.199,370.946,9.74,22.9,37.1,76.05,0.828
2021-03-04,ROU,Europe,Romania,970224.0,5498.0,23973.0,154.0,50723.315,287.435,1253.309,8.051,63.89,19127772.0,85.129,23313.199,370.946,9.74,22.9,37.1,76.05,0.828
2021-04-04,ROU,Europe,Romania,974375.0,4151.0,24070.0,97.0,50940.329,217.014,1258.38,5.071,63.89,19127772.0,85.129,23313.199,370.946,9.74,22.9,37.1,76.05,0.828
2021-05-04,ROU,Europe,Romania,977986.0,3611.0,24190.0,120.0,51129.112,188.783,1264.653,6.274,63.89,19127772.0,85.129,23313.199,370.946,9.74,22.9,37.1,76.05,0.828
2021-06-04,ROU,Europe,Romania,983217.0,5231.0,24386.0,196.0,51402.589,273.477,1274.9,10.247,63.89,19127772.0,85.129,23313.199,370.946,9.74,22.9,37.1,76.05,0.828
2021-07-04,ROU,Europe,Romania,988624.0,5407.0,24561.0,175.0,51685.267,282.678,1284.049,9.149,63.89,19127772.0,85.129,23313.199,370.946,9.74,22.9,37.1,76.05,0.828
2021-08-04,ROU,Europe,Romania,993613.0,4989.0,24733.0,172.0,51946.092,260.825,1293.041,8.992,63.89,19127772.0,85.129,23313.199,370.946,9.74,22.9,37.1,76.05,0.828
2021-09-04,ROU,Europe,Romania,998555.0,4942.0,24867.0,134.0,52204.46,258.368,1300.047,7.006,63.89,19127772.0,85.129,23313.199,370.946,9.74,22.9,37.1,76.05,0.828
2021-10-04,ROU,Europe,Romania,1002865.0,4310.0,25006.0,139.0,52429.786,225.327,1307.314,7.267,63.89,19127772.0,85.129,23313.199,370.946,9.74,22.9,37.1,76.05,0.828
2021-11-04,ROU,Europe,Romania,1006167.0,3302.0,25135.0,129.0,52602.415,172.629,1314.058,6.744,63.89,19127772.0,85.129,23313.199,370.946,9.74,22.9,37.1,76.05,0.828
2021-12-04,ROU,Europe,Romania,1008490.0,2323.0,25248.0,113.0,52723.861,121.446,1319.966,5.908,63.89,19127772.0,85.129,23313.199,370.946,9.74,22.9,37.1,76.05,0.828
2021-04-13,ROU,Europe,Romania,1012373.0,3883.0,25441.0,193.0,52926.865,203.003,1330.056,10.09,63.89,19127772.0,85.129,23313.199,370.946,9.74,22.9,37.1,76.05,0.828
2021-04-14,ROU,Europe,Romania,1016449.0,4076.0,25605.0,164.0,53139.958,213.093,1338.63,8.574,63.89,19127772.0,85.129,23313.199,370.946,9.74,22.9,37.1,76.05,0.828
2021-04-15,ROU,Europe,Romania,1020301.0,3852.0,25800.0,195.0,53341.341,201.383,1348.824,10.195,63.89,19127772.0,85.129,23313.199,370.946,9.74,22.9,37.1,76.05,0.828
2021-04-16,ROU,Europe,Romania,1023565.0,3264.0,25937.0,137.0,53511.982,170.642,1355.986,7.162,63.89,19127772.0,85.129,23313.199,370.946,9.74,22.9,37.1,76.05,0.828
2021-04-17,ROU,Europe,Romania,1027039.0,3474.0,26072.0,135.0,53693.603,181.621,1363.044,7.058,63.89,19127772.0,85.129,23313.199,370.946,9.74,22.9,37.1,76.05,0.828
2021-04-18,ROU,Europe,Romania,1029304.0,2265.0,26232.0,160.0,53812.017,118.414,1371.409,8.365,63.89,19127772.0,85.129,23313.199,370.946,9.74,22.9,37.1,76.05,0.828
2021-04-19,ROU,Europe,Romania,1031072.0,1768.0,26381.0,149.0,53904.448,92.431,1379.199,7.79,63.89,19127772.0,85.129,23313.199,370.946,9.74,22.9,37.1,76.05,0.828
2021-04-20,ROU,Europe,Romania,1034003.0,2931.0,26618.0,237.0,54057.681,153.233,1391.589,12.39,63.89,19127772.0,85.129,23313.199,370.946,9.74,22.9,37.1,76.05,0.828
2021-04-21,ROU,Europe,Romania,1037009.0,3006.0,26793.0,175.0,54214.835,157.154,1400.738,9.149,63.89,19127772.0,85.129,23313.199,370.946,9.74,22.9,37.1,76.05,0.828
2021-04-22,ROU,Europe,Romania,1039998.0,2989.0,26943.0,150.0,54371.1,156.265,1408.58,7.842,63.89,19127772.0,85.129,23313.199,370.946,9.74,22.9,37.1,76.05,0.828
2021-04-23,ROU,Europe,Romania,1042521.0,2523.0,27113.0,170.0,54503.002,131.902,1417.468,8.888,63.89,19127772.0,85.129,23313.199,370.946,9.74,22.9,37.1,76.05,0.828
2021-04-24,ROU,Europe,Romania,1044722.0,2201.0,27267.0,154.0,54618.071,115.068,1425.519,8.051,63.89,19127772.0,85.129,23313.199,370.946,9.74,22.9,37.1,76.05,0.828
2021-04-25,ROU,Europe,Romania,1046264.0,1542.0,27394.0,127.0,54698.686,80.616,1432.158,6.64,63.89,19127772.0,85.129,23313.199,370.946,9.74,22.9,37.1,76.05,0.828
2021-04-26,ROU,Europe,Romania,1047520.0,1256.0,27511.0,117.0,54764.35,65.664,1438.275,6.117,61.11,19127772.0,85.129,23313.199,370.946,9.74,22.9,37.1,76.05,0.828
2021-04-27,ROU,Europe,Romania,1049539.0,2019.0,27683.0,172.0,54869.903,105.553,1447.267,8.992,61.11,19127772.0,85.129,23313.199,370.946,9.74,22.9,37.1,76.05,0.828
2021-04-28,ROU,Europe,Romania,1051779.0,2240.0,27833.0,150.0,54987.011,117.107,1455.109,7.842,61.11,19127772.0,85.129,23313.199,370.946,9.74,22.9,37.1,76.05,0.828
2021-04-29,ROU,Europe,Romania,1053629.0,1850.0,27971.0,138.0,55083.729,96.718,1462.324,7.215,61.11,19127772.0,85.129,23313.199,370.946,9.74,22.9,37.1,76.05,0.828
2021-04-30,ROU,Europe,Romania,1055265.0,1636.0,28109.0,138.0,55169.259,85.53,1469.539,7.215,61.11,19127772.0,85.129,23313.199,370.946,9.74,22.9,37.1,76.05,0.828
2021-01-05,ROU,Europe,Romania,1056572.0,1307.0,28194.0,85.0,55237.589,68.33,1473.982,4.444,61.11,19127772.0,85.129,23313.199,370.946,9.74,22.9,37.1,76.05,0.828
2021-02-05,ROU,Europe,Romania,1057655.0,1083.0,28282.0,88.0,55294.208,56.619,1478.583,4.601,61.11,19127772.0,85.129,23313.199,370.946,9.74,22.9,37.1,76.05,0.828
2021-03-05,ROU,Europe,Romania,1058337.0,682.0,28380.0,98.0,55329.863,35.655,1483.707,5.123,61.11,19127772.0,85.129,23313.199,370.946,9.74,22.9,37.1,76.05,0.828
2021-04-05,ROU,Europe,Romania,1059331.0,994.0,28474.0,94.0,55381.829,51.966,1488.621,4.914,61.11,19127772.0,85.129,23313.199,370.946,9.74,22.9,37.1,76.05,0.828
2021-05-05,ROU,Europe,Romania,1060895.0,1564.0,28616.0,142.0,55463.595,81.766,1496.045,7.424,61.11,19127772.0,85.129,23313.199,370.946,9.74,22.9,37.1,76.05,0.828
2021-06-05,ROU,Europe,Romania,1062527.0,1632.0,28710.0,94.0,55548.916,85.321,1500.959,4.914,61.11,19127772.0,85.129,23313.199,370.946,9.74,22.9,37.1,76.05,0.828
2021-07-05,ROU,Europe,Romania,1063949.0,1422.0,28799.0,89.0,55623.258,74.342,1505.612,4.653,61.11,19127772.0,85.129,23313.199,370.946,9.74,22.9,37.1,76.05,0.828
2021-08-05,ROU,Europe,Romania,1065254.0,1305.0,28903.0,104.0,55691.484,68.225,1511.049,5.437,61.11,19127772.0,85.129,23313.199,370.946,9.74,22.9,37.1,76.05,0.828
2021-09-05,ROU,Europe,Romania,1066111.0,857.0,28966.0,63.0,55736.288,44.804,1514.343,3.294,61.11,19127772.0,85.129,23313.199,370.946,9.74,22.9,37.1,76.05,0.828
2021-10-05,ROU,Europe,Romania,1066731.0,620.0,29034.0,68.0,55768.701,32.414,1517.898,3.555,61.11,19127772.0,85.129,23313.199,370.946,9.74,22.9,37.1,76.05,0.828
2021-11-05,ROU,Europe,Romania,1067887.0,1156.0,29135.0,101.0,55829.137,60.436,1523.178,5.28,61.11,19127772.0,85.129,23313.199,370.946,9.74,22.9,37.1,76.05,0.828
2021-12-05,ROU,Europe,Romania,1068817.0,930.0,29233.0,98.0,55877.757,48.62,1528.301,5.123,61.11,19127772.0,85.129,23313.199,370.946,9.74,22.9,37.1,76.05,0.828
2021-05-13,ROU,Europe,Romania,1069770.0,953.0,29308.0,75.0,55927.58,49.823,1532.222,3.921,61.11,19127772.0,85.129,23313.199,370.946,9.74,22.9,37.1,76.05,0.828
2021-05-14,ROU,Europe,Romania,1070605.0,835.0,29413.0,105.0,55971.234,43.654,1537.712,5.489,61.11,19127772.0,85.129,23313.199,370.946,9.74,22.9,37.1,76.05,0.828
2021-05-15,ROU,Europe,Romania,1071334.0,729.0,29485.0,72.0,56009.346,38.112,1541.476,3.764,37.04,19127772.0,85.129,23313.199,370.946,9.74,22.9,37.1,76.05,0.828
2021-05-16,ROU,Europe,Romania,1071899.0,565.0,29523.0,38.0,56038.884,29.538,1543.463,1.987,37.04,19127772.0,85.129,23313.199,370.946,9.74,22.9,37.1,76.05,0.828
2021-05-17,ROU,Europe,Romania,1072291.0,392.0,29571.0,48.0,56059.378,20.494,1545.972,2.509,37.04,19127772.0,85.129,23313.199,370.946,9.74,22.9,37.1,76.05,0.828
2021-05-18,ROU,Europe,Romania,1072972.0,681.0,29662.0,91.0,56094.981,35.603,1550.729,4.757,48.15,19127772.0,85.129,23313.199,370.946,9.74,22.9,37.1,76.05,0.828
2021-05-19,ROU,Europe,Romania,1073679.0,707.0,29716.0,54.0,56131.943,36.962,1553.553,2.823,48.15,19127772.0,85.129,23313.199,370.946,9.74,22.9,37.1,76.05,0.828
2021-05-20,ROU,Europe,Romania,1074297.0,618.0,29777.0,61.0,56164.252,32.309,1556.742,3.189,48.15,19127772.0,85.129,23313.199,370.946,9.74,22.9,37.1,76.05,0.828
2021-05-21,ROU,Europe,Romania,1074781.0,484.0,29826.0,49.0,56189.555,25.304,1559.303,2.562,48.15,19127772.0,85.129,23313.199,370.946,9.74,22.9,37.1,76.05,0.828
2021-05-22,ROU,Europe,Romania,1075236.0,455.0,29885.0,59.0,56213.343,23.787,1562.388,3.085,48.15,19127772.0,85.129,23313.199,370.946,9.74,22.9,37.1,76.05,0.828
2021-05-23,ROU,Europe,Romania,1075543.0,307.0,29941.0,56.0,56229.393,16.05,1565.316,2.928,48.15,19127772.0,85.129,23313.199,370.946,9.74,22.9,37.1,76.05,0.828
2021-05-24,ROU,Europe,Romania,1075773.0,230.0,29977.0,36.0,56241.417,12.024,1567.198,1.882,48.15,19127772.0,85.129,23313.199,370.946,9.74,22.9,37.1,76.05,0.828
2021-05-25,ROU,Europe,Romania,1076154.0,381.0,30040.0,63.0,56261.336,19.919,1570.491,3.294,48.15,19127772.0,85.129,23313.199,370.946,9.74,22.9,37.1,76.05,0.828
2021-05-26,ROU,Europe,Romania,1076533.0,379.0,30092.0,52.0,56281.15,19.814,1573.21,2.719,48.15,19127772.0,85.129,23313.199,370.946,9.74,22.9,37.1,76.05,0.828
2021-05-27,ROU,Europe,Romania,1076840.0,307.0,30131.0,39.0,56297.2,16.05,1575.249,2.039,48.15,19127772.0,85.129,23313.199,370.946,9.74,22.9,37.1,76.05,0.828
2021-05-28,ROU,Europe,Romania,1077161.0,321.0,30174.0,43.0,56313.982,16.782,1577.497,2.248,48.15,19127772.0,85.129,23313.199,370.946,9.74,22.9,37.1,76.05,0.828
2021-05-29,ROU,Europe,Romania,1077426.0,265.0,30247.0,73.0,56327.836,13.854,1581.313,3.816,48.15,19127772.0,85.129,23313.199,370.946,9.74,22.9,37.1,76.05,0.828
2021-05-30,ROU,Europe,Romania,1077584.0,158.0,30276.0,29.0,56336.096,8.26,1582.829,1.516,48.15,19127772.0,85.129,23313.199,370.946,9.74,22.9,37.1,76.05,0.828
2021-05-31,ROU,Europe,Romania,1077737.0,153.0,30312.0,36.0,56344.095,7.999,1584.711,1.882,48.15,19127772.0,85.129,23313.199,370.946,9.74,22.9,37.1,76.05,0.828
2021-01-06,ROU,Europe,Romania,1077978.0,241.0,30353.0,41.0,56356.694,12.599,1586.855,2.143,42.59,19127772.0,85.129,23313.199,370.946,9.74,22.9,37.1,76.05,0.828
2021-02-06,ROU,Europe,Romania,1078142.0,164.0,30415.0,62.0,56365.268,8.574,1590.096,3.241,42.59,19127772.0,85.129,23313.199,370.946,9.74,22.9,37.1,76.05,0.828
2021-03-06,ROU,Europe,Romania,1078338.0,196.0,30499.0,84.0,56375.515,10.247,1594.488,4.392,42.59,19127772.0,85.129,23313.199,370.946,9.74,22.9,37.1,76.05,0.828
2021-04-06,ROU,Europe,Romania,1078563.0,225.0,30612.0,113.0,56387.278,11.763,1600.395,5.908,42.59,19127772.0,85.129,23313.199,370.946,9.74,22.9,37.1,76.05,0.828
2021-05-06,ROU,Europe,Romania,1078742.0,179.0,30725.0,113.0,56396.636,9.358,1606.303,5.908,42.59,19127772.0,85.129,23313.199,370.946,9.74,22.9,37.1,76.05,0.828
2021-06-06,ROU,Europe,Romania,1078863.0,121.0,30815.0,90.0,56402.962,6.326,1611.008,4.705,42.59,19127772.0,85.129,23313.199,370.946,9.74,22.9,37.1,76.05,0.828
2021-07-06,ROU,Europe,Romania,1078952.0,89.0,30878.0,63.0,56407.615,4.653,1614.302,3.294,42.59,19127772.0,85.129,23313.199,370.946,9.74,22.9,37.1,76.05,0.828
2021-08-06,ROU,Europe,Romania,1079154.0,202.0,31155.0,277.0,56418.176,10.561,1628.784,14.482,42.59,19127772.0,85.129,23313.199,370.946,9.74,22.9,37.1,76.05,0.828
2021-09-06,ROU,Europe,Romania,1079294.0,140.0,31383.0,228.0,56425.495,7.319,1640.703,11.92,42.59,19127772.0,85.129,23313.199,370.946,9.74,22.9,37.1,76.05,0.828
2021-10-06,ROU,Europe,Romania,1079427.0,133.0,31531.0,148.0,56432.448,6.953,1648.441,7.737,42.59,19127772.0,85.129,23313.199,370.946,9.74,22.9,37.1,76.05,0.828
2021-11-06,ROU,Europe,Romania,1079530.0,103.0,31681.0,150.0,56437.833,5.385,1656.283,7.842,42.59,19127772.0,85.129,23313.199,370.946,9.74,22.9,37.1,76.05,0.828
2021-12-06,ROU,Europe,Romania,1079657.0,127.0,31804.0,123.0,56444.472,6.64,1662.713,6.43,42.59,19127772.0,85.129,23313.199,370.946,9.74,22.9,37.1,76.05,0.828
2021-06-13,ROU,Europe,Romania,1079726.0,69.0,31834.0,30.0,56448.08,3.607,1664.282,1.568,42.59,19127772.0,85.129,23313.199,370.946,9.74,22.9,37.1,76.05,0.828
2021-06-14,ROU,Europe,Romania,1079776.0,50.0,31861.0,27.0,56450.694,2.614,1665.693,1.412,42.59,19127772.0,85.129,23313.199,370.946,9.74,22.9,37.1,76.05,0.828
2021-06-15,ROU,Europe,Romania,1079879.0,103.0,31957.0,96.0,56456.079,5.385,1670.712,5.019,42.59,19127772.0,85.129,23313.199,370.946,9.74,22.9,37.1,76.05,0.828
2021-06-16,ROU,Europe,Romania,1079983.0,104.0,32028.0,71.0,56461.516,5.437,1674.424,3.712,42.59,19127772.0,85.129,23313.199,370.946,9.74,22.9,37.1,76.05,0.828
2021-06-17,ROU,Europe,Romania,1080070.0,87.0,32115.0,87.0,56466.064,4.548,1678.972,4.548,42.59,19127772.0,85.129,23313.199,370.946,9.74,22.9,37.1,76.05,0.828
2021-06-18,ROU,Europe,Romania,1080140.0,70.0,32212.0,97.0,56469.724,3.66,1684.043,5.071,42.59,19127772.0,85.129,23313.199,370.946,9.74,22.9,37.1,76.05,0.828
2021-06-19,ROU,Europe,Romania,1080203.0,63.0,32308.0,96.0,56473.017,3.294,1689.062,5.019,42.59,19127772.0,85.129,23313.199,370.946,9.74,22.9,37.1,76.05,0.828
2021-06-20,ROU,Europe,Romania,1080256.0,53.0,32326.0,18.0,56475.788,2.771,1690.003,0.941,42.59,19127772.0,85.129,23313.199,370.946,9.74,22.9,37.1,76.05,0.828
2021-06-21,ROU,Europe,Romania,1080282.0,26.0,32391.0,65.0,56477.147,1.359,1693.402,3.398,42.59,19127772.0,85.129,23313.199,370.946,9.74,22.9,37.1,76.05,0.828
2021-06-22,ROU,Europe,Romania,1080323.0,41.0,32465.0,74.0,56479.291,2.143,1697.27,3.869,31.48,19127772.0,85.129,23313.199,370.946,9.74,22.9,37.1,76.05,0.828
2021-06-23,ROU,Europe,Romania,1080389.0,66.0,32626.0,161.0,56482.741,3.45,1705.687,8.417,31.48,19127772.0,85.129,23313.199,370.946,9.74,22.9,37.1,76.05,0.828
2021-06-24,ROU,Europe,Romania,1080457.0,68.0,32771.0,145.0,56486.296,3.555,1713.268,7.581,31.48,19127772.0,85.129,23313.199,370.946,9.74,22.9,37.1,76.05,0.828
2021-06-25,ROU,Europe,Romania,1080522.0,65.0,32911.0,140.0,56489.695,3.398,1720.587,7.319,31.48,19127772.0,85.129,23313.199,370.946,9.74,22.9,37.1,76.05,0.828
2021-06-26,ROU,Europe,Romania,1080584.0,62.0,33177.0,266.0,56492.936,3.241,1734.494,13.906,31.48,19127772.0,85.129,23313.199,370.946,9.74,22.9,37.1,76.05,0.828
2021-06-27,ROU,Europe,Romania,1080630.0,46.0,33253.0,76.0,56495.341,2.405,1738.467,3.973,31.48,19127772.0,85.129,23313.199,370.946,9.74,22.9,37.1,76.05,0.828
2021-06-28,ROU,Europe,Romania,1080667.0,37.0,33311.0,58.0,56497.275,1.934,1741.499,3.032,31.48,19127772.0,85.129,23313.199,370.946,9.74,22.9,37.1,76.05,0.828
2021-06-29,ROU,Europe,Romania,1080740.0,73.0,33605.0,294.0,56501.092,3.816,1756.87,15.37,31.48,19127772.0,85.129,23313.199,370.946,9.74,22.9,37.1,76.05,0.828
2021-06-30,ROU,Europe,Romania,1080792.0,52.0,33786.0,181.0,56503.81,2.719,1766.332,9.463,31.48,19127772.0,85.129,23313.199,370.946,9.74,22.9,37.1,76.05,0.828
2021-01-07,ROU,Europe,Romania,1080823.0,31.0,33861.0,75.0,56505.431,1.621,1770.253,3.921,31.48,19127772.0,85.129,23313.199,370.946,9.74,22.9,37.1,76.05,0.828
2021-02-07,ROU,Europe,Romania,1080860.0,37.0,33898.0,37.0,56507.365,1.934,1772.188,1.934,31.48,19127772.0,85.129,23313.199,370.946,9.74,22.9,37.1,76.05,0.828
2021-03-07,ROU,Europe,Romania,1080918.0,58.0,33925.0,27.0,56510.398,3.032,1773.599,1.412,31.48,19127772.0,85.129,23313.199,370.946,9.74,22.9,37.1,76.05,0.828
2021-04-07,ROU,Europe,Romania,1080951.0,33.0,33928.0,3.0,56512.123,1.725,1773.756,0.157,31.48,19127772.0,85.129,23313.199,370.946,9.74,22.9,37.1,76.05,0.828
2021-05-07,ROU,Europe,Romania,1080979.0,28.0,33973.0,45.0,56513.587,1.464,1776.109,2.353,31.48,19127772.0,85.129,23313.199,370.946,9.74,22.9,37.1,76.05,0.828
2021-06-07,ROU,Europe,Romania,1081030.0,51.0,34021.0,48.0,56516.253,2.666,1778.618,2.509,31.48,19127772.0,85.129,23313.199,370.946,9.74,22.9,37.1,76.05,0.828
2021-07-07,ROU,Europe,Romania,1081090.0,60.0,34098.0,77.0,56519.39,3.137,1782.644,4.026,31.48,19127772.0,85.129,23313.199,370.946,9.74,22.9,37.1,76.05,0.828
2021-08-07,ROU,Europe,Romania,1081120.0,30.0,34168.0,70.0,56520.958,1.568,1786.303,3.66,31.48,19127772.0,85.129,23313.199,370.946,9.74,22.9,37.1,76.05,0.828
2021-09-07,ROU,Europe,Romania,1081174.0,54.0,34197.0,29.0,56523.781,2.823,1787.819,1.516,31.48,19127772.0,85.129,23313.199,370.946,9.74,22.9,37.1,76.05,0.828
2021-10-07,ROU,Europe,Romania,1081210.0,36.0,34216.0,19.0,56525.663,1.882,1788.813,0.993,31.48,19127772.0,85.129,23313.199,370.946,9.74,22.9,37.1,76.05,0.828
2021-11-07,ROU,Europe,Romania,1081236.0,26.0,34217.0,1.0,56527.023,1.359,1788.865,0.052,31.48,19127772.0,85.129,23313.199,370.946,9.74,22.9,37.1,76.05,0.828
2021-12-07,ROU,Europe,Romania,1081275.0,39.0,34219.0,2.0,56529.062,2.039,1788.969,0.105,31.48,19127772.0,85.129,23313.199,370.946,9.74,22.9,37.1,76.05,0.828
2021-07-13,ROU,Europe,Romania,1081326.0,51.0,34233.0,14.0,56531.728,2.666,1789.701,0.732,38.43,19127772.0,85.129,23313.199,370.946,9.74,22.9,37.1,76.05,0.828
2021-07-14,ROU,Europe,Romania,1081405.0,79.0,34242.0,9.0,56535.858,4.13,1790.172,0.471,38.43,19127772.0,85.129,23313.199,370.946,9.74,22.9,37.1,76.05,0.828
2021-07-15,ROU,Europe,Romania,1081467.0,62.0,34245.0,3.0,56539.099,3.241,1790.329,0.157,38.43,19127772.0,85.129,23313.199,370.946,9.74,22.9,37.1,76.05,0.828
2021-07-16,ROU,Europe,Romania,1081539.0,72.0,34250.0,5.0,56542.863,3.764,1790.59,0.261,38.43,19127772.0,85.129,23313.199,370.946,9.74,22.9,37.1,76.05,0.828
2021-07-17,ROU,Europe,Romania,1081588.0,49.0,34252.0,2.0,56545.425,2.562,1790.695,0.105,38.43,19127772.0,85.129,23313.199,370.946,9.74,22.9,37.1,76.05,0.828
2021-07-18,ROU,Europe,Romania,1081632.0,44.0,34253.0,1.0,56547.725,2.3,1790.747,0.052,38.43,19127772.0,85.129,23313.199,370.946,9.74,22.9,37.1,76.05,0.828
2021-07-19,ROU,Europe,Romania,1081678.0,46.0,34254.0,1.0,56550.13,2.405,1790.799,0.052,38.43,19127772.0,85.129,23313.199,370.946,9.74,22.9,37.1,76.05,0.828
2021-07-20,ROU,Europe,Romania,1081773.0,95.0,34258.0,4.0,56555.097,4.967,1791.008,0.209,38.43,19127772.0,85.129,23313.199,370.946,9.74,22.9,37.1,76.05,0.828
2021-07-21,ROU,Europe,Romania,1081875.0,102.0,34260.0,2.0,56560.43,5.333,1791.113,0.105,38.43,19127772.0,85.129,23313.199,370.946,9.74,22.9,37.1,76.05,0.828
2021-07-22,ROU,Europe,Romania,1081953.0,78.0,34264.0,4.0,56564.507,4.078,1791.322,0.209,38.43,19127772.0,85.129,23313.199,370.946,9.74,22.9,37.1,76.05,0.828
2021-07-23,ROU,Europe,Romania,1082057.0,104.0,34266.0,2.0,56569.944,5.437,1791.427,0.105,38.43,19127772.0,85.129,23313.199,370.946,9.74,22.9,37.1,76.05,0.828
2021-07-24,ROU,Europe,Romania,1082183.0,126.0,34267.0,1.0,56576.532,6.587,1791.479,0.052,38.43,19127772.0,85.129,23313.199,370.946,9.74,22.9,37.1,76.05,0.828
2021-07-25,ROU,Europe,Romania,1082292.0,109.0,34268.0,1.0,56582.23,5.699,1791.531,0.052,38.43,19127772.0,85.129,23313.199,370.946,9.74,22.9,37.1,76.05,0.828
2021-07-26,ROU,Europe,Romania,1082376.0,84.0,34270.0,2.0,56586.622,4.392,1791.636,0.105,38.43,19127772.0,85.129,23313.199,370.946,9.74,22.9,37.1,76.05,0.828
2021-07-27,ROU,Europe,Romania,1082551.0,175.0,34273.0,3.0,56595.771,9.149,1791.793,0.157,38.43,19127772.0,85.129,23313.199,370.946,9.74,22.9,37.1,76.05,0.828
2021-07-28,ROU,Europe,Romania,1082710.0,159.0,34274.0,1.0,56604.083,8.313,1791.845,0.052,38.43,19127772.0,85.129,23313.199,370.946,9.74,22.9,37.1,76.05,0.828
2021-07-29,ROU,Europe,Romania,1082880.0,170.0,34275.0,1.0,56612.971,8.888,1791.897,0.052,38.43,19127772.0,85.129,23313.199,370.946,9.74,22.9,37.1,76.05,0.828
2021-07-30,ROU,Europe,Romania,1083033.0,153.0,34278.0,3.0,56620.97,7.999,1792.054,0.157,38.43,19127772.0,85.129,23313.199,370.946,9.74,22.9,37.1,76.05,0.828
2021-07-31,ROU,Europe,Romania,1083189.0,156.0,34281.0,3.0,56629.125,8.156,1792.211,0.157,38.43,19127772.0,85.129,23313.199,370.946,9.74,22.9,37.1,76.05,0.828
2021-01-08,ROU,Europe,Romania,1083341.0,152.0,34286.0,5.0,56637.072,7.947,1792.472,0.261,38.43,19127772.0,85.129,23313.199,370.946,9.74,22.9,37.1,76.05,0.828
2021-02-08,ROU,Europe,Romania,1083478.0,137.0,34291.0,5.0,56644.234,7.162,1792.734,0.261,38.43,19127772.0,85.129,23313.199,370.946,9.74,22.9,37.1,76.05,0.828
2021-03-08,ROU,Europe,Romania,1083711.0,233.0,34297.0,6.0,56656.416,12.181,1793.047,0.314,38.43,19127772.0,85.129,23313.199,370.946,9.74,22.9,37.1,76.05,0.828
2021-04-08,ROU,Europe,Romania,1083982.0,271.0,34298.0,1.0,56670.583,14.168,1793.1,0.052,38.43,19127772.0,85.129,23313.199,370.946,9.74,22.9,37.1,76.05,0.828
2021-05-08,ROU,Europe,Romania,1084226.0,244.0,34300.0,2.0,56683.34,12.756,1793.204,0.105,38.43,19127772.0,85.129,23313.199,370.946,9.74,22.9,37.1,76.05,0.828
2021-06-08,ROU,Europe,Romania,1084456.0,230.0,34305.0,5.0,56695.364,12.024,1793.466,0.261,38.43,19127772.0,85.129,23313.199,370.946,9.74,22.9,37.1,76.05,0.828
2021-07-08,ROU,Europe,Romania,1084711.0,255.0,34313.0,8.0,56708.696,13.331,1793.884,0.418,38.43,19127772.0,85.129,23313.199,370.946,9.74,22.9,37.1,76.05,0.828
2021-08-08,ROU,Europe,Romania,1084919.0,208.0,34316.0,3.0,56719.57,10.874,1794.041,0.157,38.43,19127772.0,85.129,23313.199,370.946,9.74,22.9,37.1,76.05,0.828
2021-09-08,ROU,Europe,Romania,1085100.0,181.0,34319.0,3.0,56729.033,9.463,1794.197,0.157,55.09,19127772.0,85.129,23313.199,370.946,9.74,22.9,37.1,76.05,0.828
2021-10-08,ROU,Europe,Romania,1085412.0,312.0,34323.0,4.0,56745.344,16.311,1794.407,0.209,55.09,19127772.0,85.129,23313.199,370.946,9.74,22.9,37.1,76.05,0.828
2021-11-08,ROU,Europe,Romania,1085738.0,326.0,34331.0,8.0,56762.387,17.043,1794.825,0.418,55.09,19127772.0,85.129,23313.199,370.946,9.74,22.9,37.1,76.05,0.828
2021-12-08,ROU,Europe,Romania,1086109.0,371.0,34334.0,3.0,56781.783,19.396,1794.982,0.157,55.09,19127772.0,85.129,23313.199,370.946,9.74,22.9,37.1,76.05,0.828
2021-08-13,ROU,Europe,Romania,1086492.0,383.0,34337.0,3.0,56801.806,20.023,1795.139,0.157,55.09,19127772.0,85.129,23313.199,370.946,9.74,22.9,37.1,76.05,0.828
2021-08-14,ROU,Europe,Romania,1086900.0,408.0,34342.0,5.0,56823.137,21.33,1795.4,0.261,55.09,19127772.0,85.129,23313.199,370.946,9.74,22.9,37.1,76.05,0.828
2021-08-15,ROU,Europe,Romania,1087223.0,323.0,34348.0,6.0,56840.023,16.886,1795.714,0.314,55.09,19127772.0,85.129,23313.199,370.946,9.74,22.9,37.1,76.05,0.828
2021-08-16,ROU,Europe,Romania,1087509.0,286.0,34353.0,5.0,56854.975,14.952,1795.975,0.261,55.09,19127772.0,85.129,23313.199,370.946,9.74,22.9,37.1,76.05,0.828
2021-08-17,ROU,Europe,Romania,1088053.0,544.0,34359.0,6.0,56883.415,28.44,1796.289,0.314,55.09,19127772.0,85.129,23313.199,370.946,9.74,22.9,37.1,76.05,0.828
2021-08-18,ROU,Europe,Romania,1088594.0,541.0,34365.0,6.0,56911.699,28.283,1796.602,0.314,55.09,19127772.0,85.129,23313.199,370.946,9.74,22.9,37.1,76.05,0.828
2021-08-19,ROU,Europe,Romania,1089189.0,595.0,34379.0,14.0,56942.805,31.107,1797.334,0.732,55.09,19127772.0,85.129,23313.199,370.946,9.74,22.9,37.1,76.05,0.828
2021-08-20,ROU,Europe,Romania,1089817.0,628.0,34388.0,9.0,56975.637,32.832,1797.805,0.471,55.09,19127772.0,85.129,23313.199,370.946,9.74,22.9,37.1,76.05,0.828
2021-08-21,ROU,Europe,Romania,1090408.0,591.0,34403.0,15.0,57006.535,30.897,1798.589,0.784,55.09,19127772.0,85.129,23313.199,370.946,9.74,22.9,37.1,76.05,0.828
2021-08-22,ROU,Europe,Romania,1090925.0,517.0,34412.0,9.0,57033.564,27.029,1799.06,0.471,55.09,19127772.0,85.129,23313.199,370.946,9.74,22.9,37.1,76.05,0.828
2021-08-23,ROU,Europe,Romania,1091340.0,415.0,34425.0,13.0,57055.26,21.696,1799.739,0.68,55.09,19127772.0,85.129,23313.199,370.946,9.74,22.9,37.1,76.05,0.828
2021-08-24,ROU,Europe,Romania,1092122.0,782.0,34439.0,14.0,57096.143,40.883,1800.471,0.732,55.09,19127772.0,85.129,23313.199,370.946,9.74,22.9,37.1,76.05,0.828
2021-08-25,ROU,Europe,Romania,1092971.0,849.0,34453.0,14.0,57140.528,44.386,1801.203,0.732,55.09,19127772.0,85.129,23313.199,370.946,9.74,22.9,37.1,76.05,0.828
2021-08-26,ROU,Europe,Romania,1093924.0,953.0,34471.0,18.0,57190.351,49.823,1802.144,0.941,55.09,19127772.0,85.129,23313.199,370.946,9.74,22.9,37.1,76.05,0.828
2021-08-27,ROU,Europe,Romania,1094870.0,946.0,34490.0,19.0,57239.808,49.457,1803.137,0.993,55.09,19127772.0,85.129,23313.199,370.946,9.74,22.9,37.1,76.05,0.828
2021-08-28,ROU,Europe,Romania,1095885.0,1015.0,34509.0,19.0,57292.872,53.064,1804.131,0.993,55.09,19127772.0,85.129,23313.199,370.946,9.74,22.9,37.1,76.05,0.828
2021-08-29,ROU,Europe,Romania,1096753.0,868.0,34528.0,19.0,57338.251,45.379,1805.124,0.993,55.09,19127772.0,85.129,23313.199,370.946,9.74,22.9,37.1,76.05,0.828
2021-08-30,ROU,Europe,Romania,1097452.0,699.0,34539.0,11.0,57374.795,36.544,1805.699,0.575,55.09,19127772.0,85.129,23313.199,370.946,9.74,22.9,37.1,76.05,0.828
2021-08-31,ROU,Europe,Romania,1098765.0,1313.0,34570.0,31.0,57443.439,68.644,1807.32,1.621,55.09,19127772.0,85.129,23313.199,370.946,9.74,22.9,37.1,76.05,0.828
2021-01-09,ROU,Europe,Romania,1100208.0,1443.0,34591.0,21.0,57518.879,75.44,1808.418,1.098,55.09,19127772.0,85.129,23313.199,370.946,9.74,22.9,37.1,76.05,0.828
2021-02-09,ROU,Europe,Romania,1101678.0,1470.0,34617.0,26.0,57595.73,76.852,1809.777,1.359,55.09,19127772.0,85.129,23313.199,370.946,9.74,22.9,37.1,76.05,0.828
2021-03-09,ROU,Europe,Romania,1103198.0,1520.0,34650.0,33.0,57675.196,79.466,1811.502,1.725,55.09,19127772.0,85.129,23313.199,370.946,9.74,22.9,37.1,76.05,0.828
2021-04-09,ROU,Europe,Romania,1104766.0,1568.0,34678.0,28.0,57757.171,81.975,1812.966,1.464,55.09,19127772.0,85.129,23313.199,370.946,9.74,22.9,37.1,76.05,0.828
2021-05-09,ROU,Europe,Romania,1106008.0,1242.0,34689.0,11.0,57822.103,64.932,1813.541,0.575,55.09,19127772.0,85.129,23313.199,370.946,9.74,22.9,37.1,76.05,0.828
2021-06-09,ROU,Europe,Romania,1107043.0,1035.0,34714.0,25.0,57876.213,54.11,1814.848,1.307,55.09,19127772.0,85.129,23313.199,370.946,9.74,22.9,37.1,76.05,0.828
2021-07-09,ROU,Europe,Romania,1109076.0,2033.0,34762.0,48.0,57982.498,106.285,1817.358,2.509,55.09,19127772.0,85.129,23313.199,370.946,9.74,22.9,37.1,76.05,0.828
2021-08-09,ROU,Europe,Romania,1111155.0,2079.0,34792.0,30.0,58091.188,108.69,1818.926,1.568,55.09,19127772.0,85.129,23313.199,370.946,9.74,22.9,37.1,76.05,0.828
2021-09-09,ROU,Europe,Romania,1113381.0,2226.0,34871.0,79.0,58207.563,116.375,1823.056,4.13,55.09,19127772.0,85.129,23313.199,370.946,9.74,22.9,37.1,76.05,0.828
2021-10-09,ROU,Europe,Romania,1115901.0,2520.0,34914.0,43.0,58339.309,131.746,1825.304,2.248,55.09,19127772.0,85.129,23313.199,370.946,9.74,22.9,37.1,76.05,0.828
2021-11-09,ROU,Europe,Romania,1118549.0,2648.0,34961.0,47.0,58477.746,138.437,1827.761,2.457,55.09,19127772.0,85.129,23313.199,370.946,9.74,22.9,37.1,76.05,0.828
2021-12-09,ROU,Europe,Romania,1120804.0,2255.0,34990.0,29.0,58595.638,117.891,1829.277,1.516,55.09,19127772.0,85.129,23313.199,370.946,9.74,22.9,37.1,76.05,0.828
2021-09-13,ROU,Europe,Romania,1122653.0,1849.0,35036.0,46.0,58692.304,96.666,1831.682,2.405,50.0,19127772.0,85.129,23313.199,370.946,9.74,22.9,37.1,76.05,0.828
2021-09-14,ROU,Europe,Romania,1126582.0,3929.0,35132.0,96.0,58897.712,205.408,1836.701,5.019,50.0,19127772.0,85.129,23313.199,370.946,9.74,22.9,37.1,76.05,0.828
2021-09-15,ROU,Europe,Romania,1130586.0,4004.0,35215.0,83.0,59107.041,209.329,1841.04,4.339,50.0,19127772.0,85.129,23313.199,370.946,9.74,22.9,37.1,76.05,0.828
2021-09-16,ROU,Europe,Romania,1135027.0,4441.0,35286.0,71.0,59339.216,232.175,1844.752,3.712,50.0,19127772.0,85.129,23313.199,370.946,9.74,22.9,37.1,76.05,0.828
2021-09-17,ROU,Europe,Romania,1139505.0,4478.0,35359.0,73.0,59573.326,234.11,1848.569,3.816,50.0,19127772.0,85.129,23313.199,370.946,9.74,22.9,37.1,76.05,0.828
2021-09-18,ROU,Europe,Romania,1144893.0,5388.0,35456.0,97.0,59855.011,281.685,1853.64,5.071,50.0,19127772.0,85.129,23313.199,370.946,9.74,22.9,37.1,76.05,0.828
2021-09-19,ROU,Europe,Romania,1148710.0,3817.0,35514.0,58.0,60054.564,199.553,1856.672,3.032,50.0,19127772.0,85.129,23313.199,370.946,9.74,22.9,37.1,76.05,0.828
2021-09-20,ROU,Europe,Romania,1152052.0,3342.0,35592.0,78.0,60229.283,174.72,1860.75,4.078,50.0,19127772.0,85.129,23313.199,370.946,9.74,22.9,37.1,76.05,0.828
2021-09-21,ROU,Europe,Romania,1158841.0,6789.0,35721.0,129.0,60584.212,354.929,1867.494,6.744,50.0,19127772.0,85.129,23313.199,370.946,9.74,22.9,37.1,76.05,0.828
2021-09-22,ROU,Europe,Romania,1165886.0,7045.0,35851.0,130.0,60952.525,368.313,1874.29,6.796,50.0,19127772.0,85.129,23313.199,370.946,9.74,22.9,37.1,76.05,0.828
2021-09-23,ROU,Europe,Romania,1172981.0,7095.0,35964.0,113.0,61323.452,370.927,1880.198,5.908,50.0,19127772.0,85.129,23313.199,370.946,9.74,22.9,37.1,76.05,0.828
2021-09-24,ROU,Europe,Romania,1180097.0,7116.0,36109.0,145.0,61695.476,372.025,1887.779,7.581,50.0,19127772.0,85.129,23313.199,370.946,9.74,22.9,37.1,76.05,0.828
2021-09-25,ROU,Europe,Romania,1187773.0,7676.0,36230.0,121.0,62096.777,401.301,1894.105,6.326,50.0,19127772.0,85.129,23313.199,370.946,9.74,22.9,37.1,76.05,0.828
2021-09-26,ROU,Europe,Romania,1194106.0,6333.0,36341.0,111.0,62427.867,331.089,1899.908,5.803,50.0,19127772.0,85.129,23313.199,370.946,9.74,22.9,37.1,76.05,0.828
2021-09-27,ROU,Europe,Romania,1199761.0,5655.0,36450.0,109.0,62723.51,295.643,1905.606,5.699,50.0,19127772.0,85.129,23313.199,370.946,9.74,22.9,37.1,76.05,0.828
2021-09-28,ROU,Europe,Romania,1210810.0,11049.0,36658.0,208.0,63301.152,577.642,1916.48,10.874,55.56,19127772.0,85.129,23313.199,370.946,9.74,22.9,37.1,76.05,0.828
2021-09-29,ROU,Europe,Romania,1221636.0,10826.0,36865.0,207.0,63867.135,565.983,1927.302,10.822,55.56,19127772.0,85.129,23313.199,370.946,9.74,22.9,37.1,76.05,0.828
2021-09-30,ROU,Europe,Romania,1233668.0,12032.0,37041.0,176.0,64496.168,629.033,1936.504,9.201,55.56,19127772.0,85.129,23313.199,370.946,9.74,22.9,37.1,76.05,0.828
2021-01-10,ROU,Europe,Romania,1244555.0,10887.0,37210.0,169.0,65065.341,569.172,1945.339,8.835,55.56,19127772.0,85.129,23313.199,370.946,9.74,22.9,37.1,76.05,0.828
2021-02-10,ROU,Europe,Romania,1257145.0,12590.0,37394.0,184.0,65723.546,658.205,1954.958,9.62,55.56,19127772.0,85.129,23313.199,370.946,9.74,22.9,37.1,76.05,0.828
2021-03-10,ROU,Europe,Romania,1265827.0,8682.0,37544.0,150.0,66177.441,453.895,1962.8,7.842,55.56,19127772.0,85.129,23313.199,370.946,9.74,22.9,37.1,76.05,0.828
2021-04-10,ROU,Europe,Romania,1274119.0,8292.0,37677.0,133.0,66610.947,433.506,1969.754,6.953,55.56,19127772.0,85.129,23313.199,370.946,9.74,22.9,37.1,76.05,0.828
2021-05-10,ROU,Europe,Romania,1289156.0,15037.0,37929.0,252.0,67397.081,786.134,1982.928,13.175,55.56,19127772.0,85.129,23313.199,370.946,9.74,22.9,37.1,76.05,0.828
2021-06-10,ROU,Europe,Romania,1303900.0,14744.0,38260.0,331.0,68167.897,770.816,2000.233,17.305,55.56,19127772.0,85.129,23313.199,370.946,9.74,22.9,37.1,76.05,0.828
2021-07-10,ROU,Europe,Romania,1318367.0,14467.0,38542.0,282.0,68924.232,756.335,2014.976,14.743,55.56,19127772.0,85.129,23313.199,370.946,9.74,22.9,37.1,76.05,0.828
2021-08-10,ROU,Europe,Romania,1332221.0,13854.0,38927.0,385.0,69648.519,724.287,2035.104,20.128,55.56,19127772.0,85.129,23313.199,370.946,9.74,22.9,37.1,76.05,0.828
2021-09-10,ROU,Europe,Romania,1346240.0,14019.0,39209.0,282.0,70381.433,732.913,2049.847,14.743,55.56,19127772.0,85.129,23313.199,370.946,9.74,22.9,37.1,76.05,0.828
2021-10-10,ROU,Europe,Romania,1356640.0,10400.0,39420.0,211.0,70925.145,543.712,2060.878,11.031,55.56,19127772.0,85.129,23313.199,370.946,9.74,22.9,37.1,76.05,0.828
2021-11-10,ROU,Europe,Romania,1365788.0,9148.0,39629.0,209.0,71403.402,478.257,2071.804,10.927,55.56,19127772.0,85.129,23313.199,370.946,9.74,22.9,37.1,76.05,0.828
2021-12-10,ROU,Europe,Romania,1382531.0,16743.0,40071.0,442.0,72278.726,875.324,2094.912,23.108,55.56,19127772.0,85.129,23313.199,370.946,9.74,22.9,37.1,76.05,0.828
2021-10-13,ROU,Europe,Romania,1398264.0,15733.0,40461.0,390.0,73101.248,822.521,2115.301,20.389,55.56,19127772.0,85.129,23313.199,370.946,9.74,22.9,37.1,76.05,0.828
2021-10-14,ROU,Europe,Romania,1414647.0,16383.0,40765.0,304.0,73957.751,856.503,2131.194,15.893,55.56,19127772.0,85.129,23313.199,370.946,9.74,22.9,37.1,76.05,0.828
2021-10-15,ROU,Europe,Romania,1430475.0,15828.0,41130.0,365.0,74785.239,827.488,2150.277,19.082,55.56,19127772.0,85.129,23313.199,370.946,9.74,22.9,37.1,76.05,0.828
2021-10-16,ROU,Europe,Romania,1445714.0,15239.0,41482.0,352.0,75581.934,796.695,2168.679,18.403,55.56,19127772.0,85.129,23313.199,370.946,9.74,22.9,37.1,76.05,0.828
2021-10-17,ROU,Europe,Romania,1457260.0,11546.0,41781.0,299.0,76185.559,603.625,2184.311,15.632,55.56,19127772.0,85.129,23313.199,370.946,9.74,22.9,37.1,76.05,0.828
2021-10-18,ROU,Europe,Romania,1467401.0,10141.0,42042.0,261.0,76715.73,530.172,2197.956,13.645,55.56,19127772.0,85.129,23313.199,370.946,9.74,22.9,37.1,76.05,0.828
2021-10-19,ROU,Europe,Romania,1486264.0,18863.0,42616.0,574.0,77701.888,986.158,2227.965,30.009,55.56,19127772.0,85.129,23313.199,370.946,9.74,22.9,37.1,76.05,0.828
2021-10-20,ROU,Europe,Romania,1503422.0,17158.0,43039.0,423.0,78598.908,897.02,2250.079,22.114,55.56,19127772.0,85.129,23313.199,370.946,9.74,22.9,37.1,76.05,0.828
2021-10-21,ROU,Europe,Romania,1519532.0,16110.0,43487.0,448.0,79441.139,842.231,2273.501,23.421,55.56,19127772.0,85.129,23313.199,370.946,9.74,22.9,37.1,76.05,0.828
2021-10-22,ROU,Europe,Romania,1534942.0,15410.0,43844.0,357.0,80246.774,805.635,2292.165,18.664,55.56,19127772.0,85.129,23313.199,370.946,9.74,22.9,37.1,76.05,0.828
2021-10-23,ROU,Europe,Romania,1550203.0,15261.0,44290.0,446.0,81044.619,797.845,2315.481,23.317,55.56,19127772.0,85.129,23313.199,370.946,9.74,22.9,37.1,76.05,0.828
2021-10-24,ROU,Europe,Romania,1561928.0,11725.0,44679.0,389.0,81657.602,612.983,2335.818,20.337,55.56,19127772.0,85.129,23313.199,370.946,9.74,22.9,37.1,76.05,0.828
2021-10-25,ROU,Europe,Romania,1571115.0,9187.0,44980.0,301.0,82137.899,480.296,2351.555,15.736,57.41,19127772.0,85.129,23313.199,370.946,9.74,22.9,37.1,76.05,0.828
2021-10-26,ROU,Europe,Romania,1587880.0,16765.0,45503.0,523.0,83014.373,876.474,2378.897,27.342,57.41,19127772.0,85.129,23313.199,370.946,9.74,22.9,37.1,76.05,0.828
2021-10-27,ROU,Europe,Romania,1602830.0,14950.0,46015.0,512.0,83795.959,781.586,2405.664,26.767,57.41,19127772.0,85.129,23313.199,370.946,9.74,22.9,37.1,76.05,0.828
2021-10-28,ROU,Europe,Romania,1616027.0,13197.0,46430.0,415.0,84485.898,689.939,2427.361,21.696,57.41,19127772.0,85.129,23313.199,370.946,9.74,22.9,37.1,76.05,0.828
2021-10-29,ROU,Europe,Romania,1628501.0,12474.0,46911.0,481.0,85138.039,652.141,2452.507,25.147,57.41,19127772.0,85.129,23313.199,370.946,9.74,22.9,37.1,76.05,0.828
2021-10-30,ROU,Europe,Romania,1640607.0,12106.0,47324.0,413.0,85770.941,632.902,2474.099,21.592,57.41,19127772.0,85.129,23313.199,370.946,9.74,22.9,37.1,76.05,0.828
2021-10-31,ROU,Europe,Romania,1648031.0,7424.0,47751.0,427.0,86159.068,388.127,2496.422,22.324,57.41,19127772.0,85.129,23313.199,370.946,9.74,22.9,37.1,76.05,0.828
2021-01-11,ROU,Europe,Romania,1655024.0,6993.0,48073.0,322.0,86524.662,365.594,2513.257,16.834,57.41,19127772.0,85.129,23313.199,370.946,9.74,22.9,37.1,76.05,0.828
2021-02-11,ROU,Europe,Romania,1666097.0,11073.0,48664.0,591.0,87103.558,578.896,2544.154,30.897,,19127772.0,85.129,23313.199,370.946,9.74,22.9,37.1,76.05,0.828
2021-03-11,ROU,Europe,Romania,1676293.0,10196.0,49115.0,451.0,87636.605,533.047,2567.732,23.578,,19127772.0,85.129,23313.199,370.946,9.74,22.9,37.1,76.05,0.828
2021-04-11,ROU,Europe,Romania,1685264.0,8971.0,49604.0,489.0,88105.609,469.004,2593.297,25.565,,19127772.0,85.129,23313.199,370.946,9.74,22.9,37.1,76.05,0.828
2021-05-11,ROU,Europe,Romania,1693532.0,8268.0,50087.0,483.0,88537.86,432.251,2618.549,25.251,,19127772.0,85.129,23313.199,370.946,9.74,22.9,37.1,76.05,0.828
2021-06-11,ROU,Europe,Romania,1701589.0,8057.0,50482.0,395.0,88959.08,421.22,2639.199,20.651,,19127772.0,85.129,23313.199,370.946,9.74,22.9,37.1,76.05,0.828
2021-07-11,ROU,Europe,Romania,1706882.0,5293.0,50755.0,273.0,89235.798,276.718,2653.472,14.272,,19127772.0,85.129,23313.199,370.946,9.74,22.9,37.1,76.05,0.828
2021-08-11,ROU,Europe,Romania,1711137.0,4255.0,50996.0,241.0,89458.25,222.451,2666.071,12.599,,19127772.0,85.129,23313.199,370.946,9.74,22.9,37.1,76.05,0.828
2021-09-11,ROU,Europe,Romania,1718726.0,7589.0,51483.0,487.0,89855.002,396.753,2691.531,25.46,,19127772.0,85.129,23313.199,370.946,9.74,22.9,37.1,76.05,0.828
2021-10-11,ROU,Europe,Romania,1725017.0,6291.0,51888.0,405.0,90183.896,328.894,2712.705,21.173,,19127772.0,85.129,23313.199,370.946,9.74,22.9,37.1,76.05,0.828
2021-11-11,ROU,Europe,Romania,1730433.0,5416.0,52206.0,318.0,90467.044,283.149,2729.33,16.625,,19127772.0,85.129,23313.199,370.946,9.74,22.9,37.1,76.05,0.828
2021-12-11,ROU,Europe,Romania,1735277.0,4844.0,52513.0,307.0,90720.289,253.244,2745.38,16.05,,19127772.0,85.129,23313.199,370.946,9.74,22.9,37.1,76.05,0.828
2021-11-13,ROU,Europe,Romania,1739283.0,4006.0,52836.0,323.0,90929.722,209.434,2762.266,16.886,,19127772.0,85.129,23313.199,370.946,9.74,22.9,37.1,76.05,0.828
2021-11-14,ROU,Europe,Romania,1742304.0,3021.0,53069.0,233.0,91087.66,157.938,2774.448,12.181,,19127772.0,85.129,23313.199,370.946,9.74,22.9,37.1,76.05,0.828
2021-11-15,ROU,Europe,Romania,1744440.0,2136.0,53264.0,195.0,91199.33,111.67,2784.642,10.195,,19127772.0,85.129,23313.199,370.946,9.74,22.9,37.1,76.05,0.828
2021-11-16,ROU,Europe,Romania,1748568.0,4128.0,53661.0,397.0,91415.142,215.812,2805.397,20.755,,19127772.0,85.129,23313.199,370.946,9.74,22.9,37.1,76.05,0.828
2021-11-17,ROU,Europe,Romania,1752103.0,3535.0,54011.0,350.0,91599.952,184.81,2823.695,18.298,,19127772.0,85.129,23313.199,370.946,9.74,22.9,37.1,76.05,0.828
2021-11-18,ROU,Europe,Romania,1755179.0,3076.0,54343.0,332.0,91760.765,160.813,2841.052,17.357,,19127772.0,85.129,23313.199,370.946,9.74,22.9,37.1,76.05,0.828
2021-11-19,ROU,Europe,Romania,1758068.0,2889.0,54624.0,281.0,91911.802,151.037,2855.743,14.691,,19127772.0,85.129,23313.199,370.946,9.74,22.9,37.1,76.05,0.828
2021-11-20,ROU,Europe,Romania,1760765.0,2697.0,54838.0,214.0,92052.802,140.999,2866.931,11.188,,19127772.0,85.129,23313.199,370.946,9.74,22.9,37.1,76.05,0.828
